x-axis,1,2,3,4
second,Volt,Volt,Volt,Volt
-560.0E-03,-595.2E-03,+201.2E-03,+1.7758E+00,-1.9191E+00
-550.0E-03,-585.4E-03,+255.9E-03,+1.7387E+00,-1.8801E+00
-540.0E-03,-594.4E-03,+207.0E-03,+1.7777E+00,-1.9230E+00
-530.0E-03,-587.0E-03,+250.0E-03,+1.7426E+00,-1.8840E+00
-520.0E-03,-593.6E-03,+214.8E-03,+1.7797E+00,-1.9250E+00
-510.0E-03,-588.1E-03,+246.1E-03,+1.7406E+00,-1.8840E+00
-500.0E-03,-592.4E-03,+222.7E-03,+1.7797E+00,-1.9230E+00
-490.0E-03,-586.6E-03,+242.2E-03,+1.7387E+00,-1.8801E+00
-480.0E-03,-589.7E-03,+230.5E-03,+1.7738E+00,-1.9172E+00
-470.0E-03,-587.0E-03,+232.4E-03,+1.7309E+00,-1.8703E+00
-460.0E-03,-588.9E-03,+230.5E-03,+1.7719E+00,-1.9152E+00
-450.0E-03,-587.7E-03,+226.6E-03,+1.7328E+00,-1.8723E+00
-440.0E-03,-586.6E-03,+240.2E-03,+1.7738E+00,-1.9172E+00
-430.0E-03,-585.8E-03,+226.6E-03,+1.7289E+00,-1.8684E+00
-420.0E-03,-582.3E-03,+252.0E-03,+1.7621E+00,-1.9035E+00
-410.0E-03,-585.0E-03,+216.8E-03,+1.7191E+00,-1.8586E+00
-400.0E-03,-579.1E-03,+253.9E-03,+1.7543E+00,-1.8957E+00
-390.0E-03,-582.7E-03,+210.9E-03,+1.7152E+00,-1.8527E+00
-380.0E-03,-576.0E-03,+259.8E-03,+1.7484E+00,-1.8898E+00
-370.0E-03,-583.0E-03,+203.1E-03,+1.7094E+00,-1.8488E+00
-360.0E-03,-577.2E-03,+257.8E-03,+1.7484E+00,-1.8898E+00
-350.0E-03,-586.6E-03,+191.4E-03,+1.7172E+00,-1.8566E+00
-340.0E-03,-578.0E-03,+263.7E-03,+1.7582E+00,-1.8996E+00
-330.0E-03,-588.1E-03,+191.4E-03,+1.7270E+00,-1.8645E+00
-320.0E-03,-576.8E-03,+273.4E-03,+1.7563E+00,-1.8996E+00
-310.0E-03,-587.7E-03,+191.4E-03,+1.7230E+00,-1.8625E+00
-300.0E-03,-576.0E-03,+277.3E-03,+1.7504E+00,-1.8918E+00
-290.0E-03,-588.9E-03,+183.6E-03,+1.7211E+00,-1.8605E+00
-280.0E-03,-576.0E-03,+275.4E-03,+1.7523E+00,-1.8937E+00
-270.0E-03,-588.9E-03,+183.6E-03,+1.7250E+00,-1.8645E+00
-260.0E-03,-575.2E-03,+283.2E-03,+1.7523E+00,-1.8937E+00
-250.0E-03,-589.7E-03,+179.7E-03,+1.7250E+00,-1.8625E+00
-240.0E-03,-576.0E-03,+281.2E-03,+1.7523E+00,-1.8937E+00
-230.0E-03,-592.0E-03,+175.8E-03,+1.7289E+00,-1.8684E+00
-220.0E-03,-578.0E-03,+279.3E-03,+1.7582E+00,-1.8996E+00
-210.0E-03,-594.8E-03,+173.8E-03,+1.7367E+00,-1.8781E+00
-200.0E-03,-581.5E-03,+279.3E-03,+1.7660E+00,-1.9094E+00
-190.0E-03,-597.5E-03,+173.8E-03,+1.7465E+00,-1.8879E+00
-180.0E-03,-583.0E-03,+283.2E-03,+1.7738E+00,-1.9172E+00
-170.0E-03,-597.9E-03,+177.7E-03,+1.7484E+00,-1.8898E+00
-160.0E-03,-583.0E-03,+287.1E-03,+1.7719E+00,-1.9152E+00
-150.0E-03,-597.9E-03,+177.7E-03,+1.7484E+00,-1.8879E+00
-140.0E-03,-582.3E-03,+287.1E-03,+1.7719E+00,-1.9152E+00
-130.0E-03,-599.1E-03,+173.8E-03,+1.7484E+00,-1.8898E+00
-120.0E-03,-583.4E-03,+285.2E-03,+1.7719E+00,-1.9152E+00
-110.0E-03,-599.1E-03,+175.8E-03,+1.7504E+00,-1.8918E+00
-100.0E-03,-583.0E-03,+287.1E-03,+1.7738E+00,-1.9172E+00
-90.0E-03,-598.3E-03,+177.7E-03,+1.7484E+00,-1.8898E+00
-80.0E-03,-584.2E-03,+283.2E-03,+1.7738E+00,-1.9172E+00
-70.0E-03,-600.6E-03,+173.8E-03,+1.7504E+00,-1.8937E+00
-60.0E-03,-586.6E-03,+281.3E-03,+1.7816E+00,-1.9250E+00
-50.0E-03,-601.4E-03,+175.8E-03,+1.7582E+00,-1.8996E+00
-40.0E-03,-585.8E-03,+287.1E-03,+1.7836E+00,-1.9270E+00
-30.0E-03,-601.4E-03,+179.7E-03,+1.7563E+00,-1.8977E+00
-20.0E-03,-587.0E-03,+283.2E-03,+1.7816E+00,-1.9250E+00
-10.0E-03,-603.4E-03,+173.8E-03,+1.7602E+00,-1.9016E+00
+0.0E+00,-588.5E-03,+281.2E-03,+1.7875E+00,-1.9328E+00
+10.0E-03,-603.0E-03,+179.7E-03,+1.7641E+00,-1.9055E+00
+20.0E-03,-588.1E-03,+285.2E-03,+1.7875E+00,-1.9328E+00
+30.0E-03,-602.6E-03,+179.7E-03,+1.7582E+00,-1.8996E+00
+40.0E-03,-588.9E-03,+281.3E-03,+1.7855E+00,-1.9309E+00
+50.0E-03,-603.4E-03,+177.7E-03,+1.7602E+00,-1.9016E+00
+60.0E-03,-589.3E-03,+281.3E-03,+1.7895E+00,-1.9348E+00
+70.0E-03,-603.4E-03,+179.7E-03,+1.7641E+00,-1.9055E+00
+80.0E-03,-589.3E-03,+283.2E-03,+1.7895E+00,-1.9348E+00
+90.0E-03,-603.7E-03,+181.6E-03,+1.7621E+00,-1.9035E+00
+100.0E-03,-589.7E-03,+281.3E-03,+1.7895E+00,-1.9328E+00
+110.0E-03,-603.7E-03,+179.7E-03,+1.7641E+00,-1.9055E+00
+120.0E-03,-589.7E-03,+281.3E-03,+1.7934E+00,-1.9367E+00
+130.0E-03,-602.6E-03,+183.6E-03,+1.7621E+00,-1.9035E+00
+140.0E-03,-588.5E-03,+283.2E-03,+1.7875E+00,-1.9328E+00
+150.0E-03,-600.6E-03,+185.5E-03,+1.7563E+00,-1.8977E+00
+160.0E-03,-585.4E-03,+283.2E-03,+1.7816E+00,-1.9250E+00
+170.0E-03,-598.7E-03,+185.5E-03,+1.7484E+00,-1.8898E+00
+180.0E-03,-584.2E-03,+281.2E-03,+1.7758E+00,-1.9172E+00
+190.0E-03,-596.7E-03,+183.6E-03,+1.7465E+00,-1.8859E+00
+200.0E-03,-582.3E-03,+281.3E-03,+1.7719E+00,-1.9152E+00
+210.0E-03,-593.2E-03,+189.5E-03,+1.7387E+00,-1.8781E+00
+220.0E-03,-579.1E-03,+283.2E-03,+1.7621E+00,-1.9055E+00
+230.0E-03,-591.2E-03,+187.5E-03,+1.7270E+00,-1.8664E+00
+240.0E-03,-579.1E-03,+277.3E-03,+1.7582E+00,-1.8996E+00
+250.0E-03,-591.6E-03,+181.6E-03,+1.7289E+00,-1.8684E+00
+260.0E-03,-578.7E-03,+277.3E-03,+1.7621E+00,-1.9035E+00
+270.0E-03,-590.5E-03,+187.5E-03,+1.7309E+00,-1.8703E+00
+280.0E-03,-578.0E-03,+279.3E-03,+1.7582E+00,-1.8996E+00
+290.0E-03,-591.6E-03,+183.6E-03,+1.7270E+00,-1.8664E+00
+300.0E-03,-578.7E-03,+275.4E-03,+1.7602E+00,-1.9016E+00
+310.0E-03,-590.5E-03,+187.5E-03,+1.7309E+00,-1.8703E+00
+320.0E-03,-579.1E-03,+277.3E-03,+1.7602E+00,-1.9016E+00
+330.0E-03,-591.2E-03,+185.5E-03,+1.7289E+00,-1.8684E+00
+340.0E-03,-579.9E-03,+273.4E-03,+1.7621E+00,-1.9055E+00
+350.0E-03,-591.2E-03,+187.5E-03,+1.7309E+00,-1.8703E+00
+360.0E-03,-578.0E-03,+277.3E-03,+1.7621E+00,-1.9035E+00
+370.0E-03,-588.9E-03,+193.4E-03,+1.7250E+00,-1.8645E+00
+380.0E-03,-576.0E-03,+279.3E-03,+1.7523E+00,-1.8937E+00
+390.0E-03,-588.9E-03,+187.5E-03,+1.7211E+00,-1.8586E+00
+400.0E-03,-577.2E-03,+271.5E-03,+1.7543E+00,-1.8957E+00
+410.0E-03,-588.5E-03,+187.5E-03,+1.7250E+00,-1.8645E+00
+420.0E-03,-576.8E-03,+275.4E-03,+1.7582E+00,-1.8996E+00
+430.0E-03,-587.3E-03,+193.4E-03,+1.7211E+00,-1.8586E+00
+440.0E-03,-577.2E-03,+273.4E-03,+1.7543E+00,-1.8957E+00
+450.0E-03,-588.9E-03,+187.5E-03,+1.7211E+00,-1.8586E+00
+460.0E-03,-576.8E-03,+271.5E-03,+1.7582E+00,-1.8996E+00
+470.0E-03,-585.8E-03,+195.3E-03,+1.7211E+00,-1.8605E+00
+480.0E-03,-572.9E-03,+279.3E-03,+1.7484E+00,-1.8879E+00
+490.0E-03,-584.6E-03,+193.4E-03,+1.7094E+00,-1.8469E+00
+500.0E-03,-574.1E-03,+267.6E-03,+1.7426E+00,-1.8820E+00
+510.0E-03,-583.8E-03,+189.5E-03,+1.7113E+00,-1.8508E+00
+520.0E-03,-572.5E-03,+273.4E-03,+1.7465E+00,-1.8879E+00
+530.0E-03,-581.9E-03,+197.3E-03,+1.7074E+00,-1.8449E+00
+540.0E-03,-571.3E-03,+273.4E-03,+1.7406E+00,-1.8801E+00
+550.0E-03,-580.7E-03,+195.3E-03,+1.7016E+00,-1.8371E+00
+560.0E-03,-570.5E-03,+269.5E-03,+1.7367E+00,-1.8762E+00
+570.0E-03,-580.7E-03,+191.4E-03,+1.7035E+00,-1.8391E+00
+580.0E-03,-570.2E-03,+269.5E-03,+1.7367E+00,-1.8781E+00
+590.0E-03,-580.3E-03,+195.3E-03,+1.7016E+00,-1.8391E+00
+600.0E-03,-569.8E-03,+269.5E-03,+1.7367E+00,-1.8762E+00
+610.0E-03,-578.0E-03,+199.2E-03,+1.6977E+00,-1.8352E+00
+620.0E-03,-567.8E-03,+271.5E-03,+1.7289E+00,-1.8684E+00
+630.0E-03,-576.4E-03,+197.3E-03,+1.6898E+00,-1.8254E+00
+640.0E-03,-567.8E-03,+265.6E-03,+1.7270E+00,-1.8664E+00
+650.0E-03,-577.6E-03,+191.4E-03,+1.6918E+00,-1.8273E+00
+660.0E-03,-567.8E-03,+265.6E-03,+1.7309E+00,-1.8703E+00
+670.0E-03,-575.2E-03,+201.2E-03,+1.6938E+00,-1.8293E+00
+680.0E-03,-565.9E-03,+269.5E-03,+1.7250E+00,-1.8625E+00
+690.0E-03,-576.0E-03,+195.3E-03,+1.6859E+00,-1.8215E+00
+700.0E-03,-568.6E-03,+259.8E-03,+1.7270E+00,-1.8645E+00
+710.0E-03,-577.6E-03,+193.4E-03,+1.6957E+00,-1.8312E+00
+720.0E-03,-569.0E-03,+263.7E-03,+1.7348E+00,-1.8742E+00
+730.0E-03,-577.2E-03,+201.2E-03,+1.6957E+00,-1.8332E+00
+740.0E-03,-569.4E-03,+265.6E-03,+1.7328E+00,-1.8723E+00
+750.0E-03,-577.6E-03,+199.2E-03,+1.6938E+00,-1.8312E+00
+760.0E-03,-569.8E-03,+261.7E-03,+1.7328E+00,-1.8742E+00
+770.0E-03,-578.0E-03,+199.2E-03,+1.6977E+00,-1.8332E+00
+780.0E-03,-569.0E-03,+263.7E-03,+1.7328E+00,-1.8723E+00
+790.0E-03,-578.0E-03,+201.2E-03,+1.6957E+00,-1.8312E+00
+800.0E-03,-570.9E-03,+259.8E-03,+1.7348E+00,-1.8723E+00
+810.0E-03,-579.5E-03,+197.3E-03,+1.6996E+00,-1.8371E+00
+820.0E-03,-573.7E-03,+257.8E-03,+1.7426E+00,-1.8820E+00
+830.0E-03,-580.7E-03,+201.2E-03,+1.7074E+00,-1.8449E+00
+840.0E-03,-574.5E-03,+261.7E-03,+1.7465E+00,-1.8879E+00
+850.0E-03,-583.0E-03,+201.2E-03,+1.7094E+00,-1.8469E+00
+860.0E-03,-577.2E-03,+255.9E-03,+1.7504E+00,-1.8918E+00
+870.0E-03,-585.0E-03,+199.2E-03,+1.7172E+00,-1.8547E+00
+880.0E-03,-578.0E-03,+257.8E-03,+1.7563E+00,-1.8977E+00
+890.0E-03,-586.2E-03,+203.1E-03,+1.7191E+00,-1.8586E+00
+900.0E-03,-580.3E-03,+255.9E-03,+1.7602E+00,-1.8996E+00
+910.0E-03,-588.5E-03,+201.2E-03,+1.7230E+00,-1.8625E+00
+920.0E-03,-583.8E-03,+252.0E-03,+1.7680E+00,-1.9094E+00
+930.0E-03,-590.1E-03,+201.2E-03,+1.7328E+00,-1.8723E+00
+940.0E-03,-583.4E-03,+259.8E-03,+1.7738E+00,-1.9172E+00
+950.0E-03,-587.3E-03,+212.9E-03,+1.7289E+00,-1.8684E+00
+960.0E-03,-579.9E-03,+263.7E-03,+1.7621E+00,-1.9035E+00
+970.0E-03,-587.0E-03,+207.0E-03,+1.7191E+00,-1.8547E+00
+980.0E-03,-580.7E-03,+252.0E-03,+1.7582E+00,-1.8996E+00
+990.0E-03,-586.2E-03,+205.1E-03,+1.7230E+00,-1.8605E+00
+1.0000E+00,-578.0E-03,+259.8E-03,+1.7602E+00,-1.9016E+00
+1.0100E+00,-581.9E-03,+216.8E-03,+1.7133E+00,-1.8508E+00
+1.0200E+00,-576.0E-03,+259.8E-03,+1.7465E+00,-1.8879E+00
+1.0300E+00,-580.7E-03,+209.0E-03,+1.7035E+00,-1.8410E+00
+1.0400E+00,-574.5E-03,+253.9E-03,+1.7445E+00,-1.8859E+00
+1.0500E+00,-577.6E-03,+212.9E-03,+1.7035E+00,-1.8391E+00
+1.0600E+00,-570.5E-03,+259.8E-03,+1.7387E+00,-1.8781E+00
+1.0700E+00,-576.4E-03,+212.9E-03,+1.6918E+00,-1.8273E+00
+1.0800E+00,-572.1E-03,+250.0E-03,+1.7328E+00,-1.8723E+00
+1.0900E+00,-577.6E-03,+207.0E-03,+1.6977E+00,-1.8332E+00
+1.1000E+00,-572.5E-03,+250.0E-03,+1.7406E+00,-1.8801E+00
+1.1100E+00,-576.0E-03,+212.9E-03,+1.6996E+00,-1.8371E+00
+1.1200E+00,-570.9E-03,+255.9E-03,+1.7367E+00,-1.8762E+00
+1.1300E+00,-573.3E-03,+218.8E-03,+1.6898E+00,-1.8254E+00
+1.1400E+00,-569.8E-03,+252.0E-03,+1.7270E+00,-1.8664E+00
+1.1500E+00,-574.8E-03,+209.0E-03,+1.6859E+00,-1.8215E+00
+1.1600E+00,-572.1E-03,+244.1E-03,+1.7328E+00,-1.8723E+00
+1.1700E+00,-575.2E-03,+210.9E-03,+1.6957E+00,-1.8332E+00
+1.1800E+00,-569.4E-03,+253.9E-03,+1.7348E+00,-1.8742E+00
+1.1900E+00,-572.1E-03,+220.7E-03,+1.6879E+00,-1.8234E+00
+1.2000E+00,-569.4E-03,+250.0E-03,+1.7250E+00,-1.8625E+00
+1.2100E+00,-574.5E-03,+210.9E-03,+1.6840E+00,-1.8215E+00
+1.2200E+00,-571.7E-03,+242.2E-03,+1.7328E+00,-1.8723E+00
+1.2300E+00,-574.1E-03,+214.8E-03,+1.6938E+00,-1.8312E+00
+1.2400E+00,-570.2E-03,+252.0E-03,+1.7348E+00,-1.8742E+00
+1.2500E+00,-572.5E-03,+220.7E-03,+1.6879E+00,-1.8234E+00
+1.2600E+00,-570.2E-03,+248.0E-03,+1.7270E+00,-1.8664E+00
+1.2700E+00,-573.7E-03,+214.8E-03,+1.6879E+00,-1.8234E+00
+1.2800E+00,-570.2E-03,+244.1E-03,+1.7309E+00,-1.8703E+00
+1.2900E+00,-572.9E-03,+218.8E-03,+1.6898E+00,-1.8254E+00
+1.3000E+00,-570.5E-03,+246.1E-03,+1.7309E+00,-1.8684E+00
+1.3100E+00,-573.7E-03,+216.8E-03,+1.6879E+00,-1.8254E+00
+1.3200E+00,-572.1E-03,+242.2E-03,+1.7328E+00,-1.8723E+00
+1.3300E+00,-574.5E-03,+216.8E-03,+1.6918E+00,-1.8293E+00
+1.3400E+00,-571.7E-03,+244.1E-03,+1.7367E+00,-1.8762E+00
+1.3500E+00,-572.1E-03,+224.6E-03,+1.6918E+00,-1.8273E+00
+1.3600E+00,-570.5E-03,+246.1E-03,+1.7289E+00,-1.8664E+00
+1.3700E+00,-574.8E-03,+214.8E-03,+1.6879E+00,-1.8215E+00
+1.3800E+00,-573.7E-03,+234.4E-03,+1.7348E+00,-1.8742E+00
+1.3900E+00,-574.1E-03,+218.8E-03,+1.6977E+00,-1.8352E+00
+1.4000E+00,-570.9E-03,+248.0E-03,+1.7367E+00,-1.8762E+00
+1.4100E+00,-572.1E-03,+226.6E-03,+1.6879E+00,-1.8234E+00
+1.4200E+00,-571.7E-03,+240.2E-03,+1.7289E+00,-1.8664E+00
+1.4300E+00,-573.7E-03,+218.8E-03,+1.6879E+00,-1.8234E+00
+1.4400E+00,-573.7E-03,+234.4E-03,+1.7367E+00,-1.8762E+00
+1.4500E+00,-573.7E-03,+222.7E-03,+1.6977E+00,-1.8332E+00
+1.4600E+00,-572.1E-03,+244.1E-03,+1.7367E+00,-1.8781E+00
+1.4700E+00,-573.3E-03,+226.6E-03,+1.6918E+00,-1.8273E+00
+1.4800E+00,-573.7E-03,+236.3E-03,+1.7328E+00,-1.8723E+00
+1.4900E+00,-574.5E-03,+220.7E-03,+1.6938E+00,-1.8312E+00
+1.5000E+00,-574.1E-03,+236.3E-03,+1.7387E+00,-1.8781E+00
+1.5100E+00,-574.1E-03,+226.6E-03,+1.6977E+00,-1.8332E+00
+1.5200E+00,-574.1E-03,+238.3E-03,+1.7387E+00,-1.8781E+00
+1.5300E+00,-574.5E-03,+226.6E-03,+1.6938E+00,-1.8312E+00
+1.5400E+00,-574.8E-03,+236.3E-03,+1.7387E+00,-1.8781E+00
+1.5500E+00,-574.1E-03,+226.6E-03,+1.6957E+00,-1.8312E+00
+1.5600E+00,-573.7E-03,+236.3E-03,+1.7367E+00,-1.8781E+00
+1.5700E+00,-573.7E-03,+228.5E-03,+1.6938E+00,-1.8293E+00
+1.5800E+00,-573.7E-03,+234.4E-03,+1.7348E+00,-1.8742E+00
+1.5900E+00,-574.5E-03,+226.6E-03,+1.6938E+00,-1.8312E+00
+1.6000E+00,-576.0E-03,+230.5E-03,+1.7387E+00,-1.8781E+00
+1.6100E+00,-574.8E-03,+226.6E-03,+1.6996E+00,-1.8371E+00
+1.6200E+00,-574.8E-03,+236.3E-03,+1.7426E+00,-1.8820E+00
+1.6300E+00,-573.3E-03,+232.4E-03,+1.6938E+00,-1.8312E+00
+1.6400E+00,-575.6E-03,+232.4E-03,+1.7367E+00,-1.8762E+00
+1.6500E+00,-575.2E-03,+226.6E-03,+1.6957E+00,-1.8312E+00
+1.6600E+00,-576.0E-03,+230.5E-03,+1.7426E+00,-1.8820E+00
+1.6700E+00,-572.9E-03,+234.4E-03,+1.6996E+00,-1.8352E+00
+1.6800E+00,-574.5E-03,+236.3E-03,+1.7367E+00,-1.8762E+00
+1.6900E+00,-574.5E-03,+230.5E-03,+1.6938E+00,-1.8293E+00
+1.7000E+00,-577.6E-03,+224.6E-03,+1.7406E+00,-1.8781E+00
+1.7100E+00,-575.2E-03,+228.5E-03,+1.7016E+00,-1.8391E+00
+1.7200E+00,-576.8E-03,+232.4E-03,+1.7465E+00,-1.8859E+00
+1.7300E+00,-574.8E-03,+236.3E-03,+1.6996E+00,-1.8371E+00
+1.7400E+00,-578.4E-03,+228.5E-03,+1.7426E+00,-1.8840E+00
+1.7500E+00,-576.0E-03,+230.5E-03,+1.7016E+00,-1.8391E+00
+1.7600E+00,-577.6E-03,+228.5E-03,+1.7465E+00,-1.8859E+00
+1.7700E+00,-574.8E-03,+238.3E-03,+1.7035E+00,-1.8391E+00
+1.7800E+00,-576.0E-03,+232.4E-03,+1.7406E+00,-1.8801E+00
+1.7900E+00,-574.1E-03,+236.3E-03,+1.6957E+00,-1.8332E+00
+1.8000E+00,-577.6E-03,+224.6E-03,+1.7387E+00,-1.8781E+00
+1.8100E+00,-574.8E-03,+232.4E-03,+1.6996E+00,-1.8371E+00
+1.8200E+00,-578.0E-03,+224.6E-03,+1.7465E+00,-1.8859E+00
+1.8300E+00,-574.1E-03,+238.3E-03,+1.7016E+00,-1.8391E+00
+1.8400E+00,-578.4E-03,+224.6E-03,+1.7426E+00,-1.8840E+00
+1.8500E+00,-575.6E-03,+234.4E-03,+1.7016E+00,-1.8371E+00
+1.8600E+00,-579.9E-03,+220.7E-03,+1.7465E+00,-1.8879E+00
+1.8700E+00,-576.8E-03,+236.3E-03,+1.7074E+00,-1.8449E+00
+1.8800E+00,-579.5E-03,+226.6E-03,+1.7504E+00,-1.8898E+00
+1.8900E+00,-575.2E-03,+242.2E-03,+1.7055E+00,-1.8430E+00
+1.9000E+00,-578.7E-03,+226.6E-03,+1.7445E+00,-1.8840E+00
+1.9100E+00,-575.2E-03,+238.3E-03,+1.7016E+00,-1.8391E+00
+1.9200E+00,-580.3E-03,+220.7E-03,+1.7465E+00,-1.8859E+00
+1.9300E+00,-576.0E-03,+238.3E-03,+1.7055E+00,-1.8430E+00
+1.9400E+00,-581.1E-03,+220.7E-03,+1.7504E+00,-1.8918E+00
+1.9500E+00,-576.4E-03,+242.2E-03,+1.7094E+00,-1.8469E+00
+1.9600E+00,-580.7E-03,+222.7E-03,+1.7504E+00,-1.8898E+00
+1.9700E+00,-576.0E-03,+244.1E-03,+1.7055E+00,-1.8430E+00
+1.9800E+00,-580.7E-03,+220.7E-03,+1.7465E+00,-1.8879E+00
+1.9900E+00,-576.8E-03,+240.2E-03,+1.7074E+00,-1.8449E+00
+2.0000E+00,-581.9E-03,+216.8E-03,+1.7523E+00,-1.8918E+00
+2.0100E+00,-576.0E-03,+244.1E-03,+1.7113E+00,-1.8488E+00
+2.0200E+00,-581.5E-03,+220.7E-03,+1.7504E+00,-1.8918E+00
+2.0300E+00,-576.0E-03,+244.1E-03,+1.7074E+00,-1.8449E+00
+2.0400E+00,-581.9E-03,+216.8E-03,+1.7504E+00,-1.8918E+00
+2.0500E+00,-575.6E-03,+244.1E-03,+1.7074E+00,-1.8449E+00
+2.0600E+00,-580.3E-03,+220.7E-03,+1.7484E+00,-1.8898E+00
+2.0700E+00,-574.1E-03,+250.0E-03,+1.7055E+00,-1.8410E+00
+2.0800E+00,-581.1E-03,+216.8E-03,+1.7445E+00,-1.8840E+00
+2.0900E+00,-576.4E-03,+242.2E-03,+1.7055E+00,-1.8449E+00
+2.1000E+00,-582.7E-03,+212.9E-03,+1.7523E+00,-1.8918E+00
+2.1100E+00,-577.2E-03,+246.1E-03,+1.7133E+00,-1.8508E+00
+2.1200E+00,-583.8E-03,+214.8E-03,+1.7563E+00,-1.8977E+00
+2.1300E+00,-576.0E-03,+250.0E-03,+1.7133E+00,-1.8508E+00
+2.1400E+00,-582.3E-03,+218.8E-03,+1.7523E+00,-1.8937E+00
+2.1500E+00,-574.8E-03,+252.0E-03,+1.7074E+00,-1.8449E+00
+2.1600E+00,-580.7E-03,+216.8E-03,+1.7465E+00,-1.8859E+00
+2.1700E+00,-573.3E-03,+252.0E-03,+1.7035E+00,-1.8391E+00
+2.1800E+00,-578.0E-03,+216.8E-03,+1.7406E+00,-1.8801E+00
+2.1900E+00,-570.5E-03,+253.9E-03,+1.6977E+00,-1.8332E+00
+2.2000E+00,-576.0E-03,+216.8E-03,+1.7328E+00,-1.8723E+00
+2.2100E+00,-569.4E-03,+252.0E-03,+1.6898E+00,-1.8273E+00
+2.2200E+00,-576.0E-03,+212.9E-03,+1.7328E+00,-1.8703E+00
+2.2300E+00,-567.0E-03,+253.9E-03,+1.6898E+00,-1.8254E+00
+2.2400E+00,-574.1E-03,+214.8E-03,+1.7289E+00,-1.8664E+00
+2.2500E+00,-566.2E-03,+253.9E-03,+1.6840E+00,-1.8195E+00
+2.2600E+00,-573.7E-03,+210.9E-03,+1.7250E+00,-1.8625E+00
+2.2700E+00,-566.2E-03,+252.0E-03,+1.6840E+00,-1.8195E+00
+2.2800E+00,-572.9E-03,+210.9E-03,+1.7250E+00,-1.8625E+00
+2.2900E+00,-565.5E-03,+253.9E-03,+1.6840E+00,-1.8195E+00
+2.3000E+00,-572.9E-03,+210.9E-03,+1.7230E+00,-1.8605E+00
+2.3100E+00,-564.7E-03,+253.9E-03,+1.6820E+00,-1.8156E+00
+2.3200E+00,-573.7E-03,+207.0E-03,+1.7230E+00,-1.8605E+00
+2.3300E+00,-565.9E-03,+252.0E-03,+1.6820E+00,-1.8176E+00
+2.3400E+00,-573.7E-03,+207.0E-03,+1.7250E+00,-1.8645E+00
+2.3500E+00,-563.9E-03,+259.8E-03,+1.6840E+00,-1.8195E+00
+2.3600E+00,-571.7E-03,+212.9E-03,+1.7191E+00,-1.8586E+00
+2.3700E+00,-563.1E-03,+257.8E-03,+1.6781E+00,-1.8117E+00
+2.3800E+00,-570.5E-03,+209.0E-03,+1.7152E+00,-1.8527E+00
+2.3900E+00,-562.0E-03,+257.8E-03,+1.6742E+00,-1.8098E+00
+2.4000E+00,-570.5E-03,+207.0E-03,+1.7133E+00,-1.8508E+00
+2.4100E+00,-560.0E-03,+259.8E-03,+1.6723E+00,-1.8078E+00
+2.4200E+00,-569.0E-03,+209.0E-03,+1.7094E+00,-1.8469E+00
+2.4300E+00,-559.2E-03,+259.8E-03,+1.6684E+00,-1.8020E+00
+2.4400E+00,-569.4E-03,+203.1E-03,+1.7074E+00,-1.8449E+00
+2.4500E+00,-561.2E-03,+253.9E-03,+1.6723E+00,-1.8059E+00
+2.4600E+00,-561.2E-03,+253.9E-03,+1.6723E+00,-1.8059E+00
+2.4700E+00,-561.2E-03,+253.9E-03,+1.6723E+00,-1.8059E+00
+2.4800E+00,-561.2E-03,+253.9E-03,+1.6723E+00,-1.8059E+00
+2.4900E+00,-561.2E-03,+253.9E-03,+1.6723E+00,-1.8059E+00
+2.5000E+00,-561.2E-03,+253.9E-03,+1.6723E+00,-1.8059E+00
+2.5100E+00,-561.2E-03,+253.9E-03,+1.6723E+00,-1.8059E+00
+2.5200E+00,-561.2E-03,+253.9E-03,+1.6723E+00,-1.8059E+00
+2.5300E+00,-561.2E-03,+253.9E-03,+1.6723E+00,-1.8059E+00
+2.5400E+00,-561.2E-03,+253.9E-03,+1.6723E+00,-1.8059E+00
+2.5500E+00,-561.2E-03,+253.9E-03,+1.6723E+00,-1.8059E+00
+2.5600E+00,-561.2E-03,+253.9E-03,+1.6723E+00,-1.8059E+00
+2.5700E+00,-561.2E-03,+253.9E-03,+1.6723E+00,-1.8059E+00
+2.5800E+00,-561.2E-03,+253.9E-03,+1.6723E+00,-1.8059E+00
+2.5900E+00,-561.2E-03,+253.9E-03,+1.6723E+00,-1.8059E+00
+2.6000E+00,-561.2E-03,+253.9E-03,+1.6723E+00,-1.8059E+00
+2.6100E+00,-561.2E-03,+253.9E-03,+1.6723E+00,-1.8059E+00
+2.6200E+00,-561.2E-03,+253.9E-03,+1.6723E+00,-1.8059E+00
+2.6300E+00,-561.2E-03,+253.9E-03,+1.6723E+00,-1.8059E+00
+2.6400E+00,-561.2E-03,+253.9E-03,+1.6723E+00,-1.8059E+00
+2.6500E+00,-561.2E-03,+253.9E-03,+1.6723E+00,-1.8059E+00
+2.6600E+00,-561.2E-03,+253.9E-03,+1.6723E+00,-1.8059E+00
+2.6700E+00,-561.2E-03,+253.9E-03,+1.6723E+00,-1.8059E+00
+2.6800E+00,-561.2E-03,+253.9E-03,+1.6723E+00,-1.8059E+00
+2.6900E+00,-561.2E-03,+253.9E-03,+1.6723E+00,-1.8059E+00
+2.7000E+00,-561.2E-03,+253.9E-03,+1.6723E+00,-1.8059E+00
+2.7100E+00,-561.2E-03,+253.9E-03,+1.6723E+00,-1.8059E+00
+2.7200E+00,-561.2E-03,+253.9E-03,+1.6723E+00,-1.8059E+00
+2.7300E+00,-561.2E-03,+253.9E-03,+1.6723E+00,-1.8059E+00
+2.7400E+00,-561.2E-03,+253.9E-03,+1.6723E+00,-1.8059E+00
+2.7500E+00,-561.2E-03,+253.9E-03,+1.6723E+00,-1.8059E+00
+2.7600E+00,-561.2E-03,+253.9E-03,+1.6723E+00,-1.8059E+00
+2.7700E+00,-561.2E-03,+253.9E-03,+1.6723E+00,-1.8059E+00
+2.7800E+00,-561.2E-03,+253.9E-03,+1.6723E+00,-1.8059E+00
+2.7900E+00,-561.2E-03,+253.9E-03,+1.6723E+00,-1.8059E+00
+2.8000E+00,-561.2E-03,+253.9E-03,+1.6723E+00,-1.8059E+00
+2.8100E+00,-561.2E-03,+253.9E-03,+1.6723E+00,-1.8059E+00
+2.8200E+00,-561.2E-03,+253.9E-03,+1.6723E+00,-1.8059E+00
+2.8300E+00,-561.2E-03,+253.9E-03,+1.6723E+00,-1.8059E+00
+2.8400E+00,-561.2E-03,+253.9E-03,+1.6723E+00,-1.8059E+00
+2.8500E+00,-561.2E-03,+253.9E-03,+1.6723E+00,-1.8059E+00
+2.8600E+00,-561.2E-03,+253.9E-03,+1.6723E+00,-1.8059E+00
+2.8700E+00,-561.2E-03,+253.9E-03,+1.6723E+00,-1.8059E+00
+2.8800E+00,-561.2E-03,+253.9E-03,+1.6723E+00,-1.8059E+00
+2.8900E+00,-561.2E-03,+253.9E-03,+1.6723E+00,-1.8059E+00
+2.9000E+00,-561.2E-03,+253.9E-03,+1.6723E+00,-1.8059E+00
+2.9100E+00,-561.2E-03,+253.9E-03,+1.6723E+00,-1.8059E+00
+2.9200E+00,-561.2E-03,+253.9E-03,+1.6723E+00,-1.8059E+00
+2.9300E+00,-561.2E-03,+253.9E-03,+1.6723E+00,-1.8059E+00
+2.9400E+00,-561.2E-03,+253.9E-03,+1.6723E+00,-1.8059E+00
+2.9500E+00,-561.2E-03,+253.9E-03,+1.6723E+00,-1.8059E+00
+2.9600E+00,-561.2E-03,+253.9E-03,+1.6723E+00,-1.8059E+00
+2.9700E+00,-561.2E-03,+253.9E-03,+1.6723E+00,-1.8059E+00
+2.9800E+00,-561.2E-03,+253.9E-03,+1.6723E+00,-1.8059E+00
+2.9900E+00,-561.2E-03,+253.9E-03,+1.6723E+00,-1.8059E+00
+3.0000E+00,-561.2E-03,+253.9E-03,+1.6723E+00,-1.8059E+00
+3.0100E+00,-561.2E-03,+253.9E-03,+1.6723E+00,-1.8059E+00
+3.0200E+00,-561.2E-03,+253.9E-03,+1.6723E+00,-1.8059E+00
+3.0300E+00,-561.2E-03,+253.9E-03,+1.6723E+00,-1.8059E+00
+3.0400E+00,-561.2E-03,+253.9E-03,+1.6723E+00,-1.8059E+00
+3.0500E+00,-561.2E-03,+253.9E-03,+1.6723E+00,-1.8059E+00
+3.0600E+00,-561.2E-03,+253.9E-03,+1.6723E+00,-1.8059E+00
+3.0700E+00,-561.2E-03,+253.9E-03,+1.6723E+00,-1.8059E+00
+3.0800E+00,-561.2E-03,+253.9E-03,+1.6723E+00,-1.8059E+00
+3.0900E+00,-561.2E-03,+253.9E-03,+1.6723E+00,-1.8059E+00
+3.1000E+00,-561.2E-03,+253.9E-03,+1.6723E+00,-1.8059E+00
+3.1100E+00,-561.2E-03,+253.9E-03,+1.6723E+00,-1.8059E+00
+3.1200E+00,-561.2E-03,+253.9E-03,+1.6723E+00,-1.8059E+00
+3.1300E+00,-561.2E-03,+253.9E-03,+1.6723E+00,-1.8059E+00
+3.1400E+00,-561.2E-03,+253.9E-03,+1.6723E+00,-1.8059E+00
+3.1500E+00,-561.2E-03,+253.9E-03,+1.6723E+00,-1.8059E+00
+3.1600E+00,-561.2E-03,+253.9E-03,+1.6723E+00,-1.8059E+00
+3.1700E+00,-561.2E-03,+253.9E-03,+1.6723E+00,-1.8059E+00
+3.1800E+00,-561.2E-03,+253.9E-03,+1.6723E+00,-1.8059E+00
+3.1900E+00,-561.2E-03,+253.9E-03,+1.6723E+00,-1.8059E+00
+3.2000E+00,-561.2E-03,+253.9E-03,+1.6723E+00,-1.8059E+00
+3.2100E+00,-561.2E-03,+253.9E-03,+1.6723E+00,-1.8059E+00
+3.2200E+00,-561.2E-03,+253.9E-03,+1.6723E+00,-1.8059E+00
+3.2300E+00,-561.2E-03,+253.9E-03,+1.6723E+00,-1.8059E+00
+3.2400E+00,-561.2E-03,+253.9E-03,+1.6723E+00,-1.8059E+00
+3.2500E+00,-561.2E-03,+253.9E-03,+1.6723E+00,-1.8059E+00
+3.2600E+00,-561.2E-03,+253.9E-03,+1.6723E+00,-1.8059E+00
+3.2700E+00,-561.2E-03,+253.9E-03,+1.6723E+00,-1.8059E+00
+3.2800E+00,-561.2E-03,+253.9E-03,+1.6723E+00,-1.8059E+00
+3.2900E+00,-561.2E-03,+253.9E-03,+1.6723E+00,-1.8059E+00
+3.3000E+00,-561.2E-03,+253.9E-03,+1.6723E+00,-1.8059E+00
+3.3100E+00,-561.2E-03,+253.9E-03,+1.6723E+00,-1.8059E+00
+3.3200E+00,-561.2E-03,+253.9E-03,+1.6723E+00,-1.8059E+00
+3.3300E+00,-561.2E-03,+253.9E-03,+1.6723E+00,-1.8059E+00
+3.3400E+00,-561.2E-03,+253.9E-03,+1.6723E+00,-1.8059E+00
+3.3500E+00,-561.2E-03,+253.9E-03,+1.6723E+00,-1.8059E+00
+3.3600E+00,-561.2E-03,+253.9E-03,+1.6723E+00,-1.8059E+00
+3.3700E+00,-561.2E-03,+253.9E-03,+1.6723E+00,-1.8059E+00
+3.3800E+00,-561.2E-03,+253.9E-03,+1.6723E+00,-1.8059E+00
+3.3900E+00,-561.2E-03,+253.9E-03,+1.6723E+00,-1.8059E+00
+3.4000E+00,-561.2E-03,+253.9E-03,+1.6723E+00,-1.8059E+00
+3.4100E+00,-561.2E-03,+253.9E-03,+1.6723E+00,-1.8059E+00
+3.4200E+00,-561.2E-03,+253.9E-03,+1.6723E+00,-1.8059E+00
+3.4300E+00,-561.2E-03,+253.9E-03,+1.6723E+00,-1.8059E+00
+3.4400E+00,-561.2E-03,+253.9E-03,+1.6723E+00,-1.8059E+00
+3.4500E+00,-561.2E-03,+253.9E-03,+1.6723E+00,-1.8059E+00
+3.4600E+00,-561.2E-03,+253.9E-03,+1.6723E+00,-1.8059E+00
+3.4700E+00,-561.2E-03,+253.9E-03,+1.6723E+00,-1.8059E+00
+3.4800E+00,-561.2E-03,+253.9E-03,+1.6723E+00,-1.8059E+00
+3.4900E+00,-561.2E-03,+253.9E-03,+1.6723E+00,-1.8059E+00
+3.5000E+00,-561.2E-03,+253.9E-03,+1.6723E+00,-1.8059E+00
+3.5100E+00,-561.2E-03,+253.9E-03,+1.6723E+00,-1.8059E+00
+3.5200E+00,-561.2E-03,+253.9E-03,+1.6723E+00,-1.8059E+00
+3.5300E+00,-561.2E-03,+253.9E-03,+1.6723E+00,-1.8059E+00
+3.5400E+00,-561.2E-03,+253.9E-03,+1.6723E+00,-1.8059E+00
+3.5500E+00,-561.2E-03,+253.9E-03,+1.6723E+00,-1.8059E+00
+3.5600E+00,-561.2E-03,+253.9E-03,+1.6723E+00,-1.8059E+00
+3.5700E+00,-561.2E-03,+253.9E-03,+1.6723E+00,-1.8059E+00
+3.5800E+00,-561.2E-03,+253.9E-03,+1.6723E+00,-1.8059E+00
+3.5900E+00,-561.2E-03,+253.9E-03,+1.6723E+00,-1.8059E+00
+3.6000E+00,-561.2E-03,+253.9E-03,+1.6723E+00,-1.8059E+00
+3.6100E+00,-561.2E-03,+253.9E-03,+1.6723E+00,-1.8059E+00
+3.6200E+00,-561.2E-03,+253.9E-03,+1.6723E+00,-1.8059E+00
+3.6300E+00,-561.2E-03,+253.9E-03,+1.6723E+00,-1.8059E+00
+3.6400E+00,-561.2E-03,+253.9E-03,+1.6723E+00,-1.8059E+00
+3.6500E+00,-561.2E-03,+253.9E-03,+1.6723E+00,-1.8059E+00
+3.6600E+00,-561.2E-03,+253.9E-03,+1.6723E+00,-1.8059E+00
+3.6700E+00,-561.2E-03,+253.9E-03,+1.6723E+00,-1.8059E+00
+3.6800E+00,-561.2E-03,+253.9E-03,+1.6723E+00,-1.8059E+00
+3.6900E+00,-561.2E-03,+253.9E-03,+1.6723E+00,-1.8059E+00
+3.7000E+00,-561.2E-03,+253.9E-03,+1.6723E+00,-1.8059E+00
+3.7100E+00,-561.2E-03,+253.9E-03,+1.6723E+00,-1.8059E+00
+3.7200E+00,-561.2E-03,+253.9E-03,+1.6723E+00,-1.8059E+00
+3.7300E+00,-561.2E-03,+253.9E-03,+1.6723E+00,-1.8059E+00
+3.7400E+00,-561.2E-03,+253.9E-03,+1.6723E+00,-1.8059E+00
+3.7500E+00,-561.2E-03,+253.9E-03,+1.6723E+00,-1.8059E+00
+3.7600E+00,-561.2E-03,+253.9E-03,+1.6723E+00,-1.8059E+00
+3.7700E+00,-561.2E-03,+253.9E-03,+1.6723E+00,-1.8059E+00
+3.7800E+00,-561.2E-03,+253.9E-03,+1.6723E+00,-1.8059E+00
+3.7900E+00,-561.2E-03,+253.9E-03,+1.6723E+00,-1.8059E+00
+3.8000E+00,-561.2E-03,+253.9E-03,+1.6723E+00,-1.8059E+00
+3.8100E+00,-561.2E-03,+253.9E-03,+1.6723E+00,-1.8059E+00
+3.8200E+00,-561.2E-03,+253.9E-03,+1.6723E+00,-1.8059E+00
+3.8300E+00,-561.2E-03,+253.9E-03,+1.6723E+00,-1.8059E+00
+3.8400E+00,-561.2E-03,+253.9E-03,+1.6723E+00,-1.8059E+00
+3.8500E+00,-561.2E-03,+253.9E-03,+1.6723E+00,-1.8059E+00
+3.8600E+00,-561.2E-03,+253.9E-03,+1.6723E+00,-1.8059E+00
+3.8700E+00,-561.2E-03,+253.9E-03,+1.6723E+00,-1.8059E+00
+3.8800E+00,-561.2E-03,+253.9E-03,+1.6723E+00,-1.8059E+00
+3.8900E+00,-561.2E-03,+253.9E-03,+1.6723E+00,-1.8059E+00
+3.9000E+00,-561.2E-03,+253.9E-03,+1.6723E+00,-1.8059E+00
+3.9100E+00,-561.2E-03,+253.9E-03,+1.6723E+00,-1.8059E+00
+3.9200E+00,-561.2E-03,+253.9E-03,+1.6723E+00,-1.8059E+00
+3.9300E+00,-561.2E-03,+253.9E-03,+1.6723E+00,-1.8059E+00
+3.9400E+00,-561.2E-03,+253.9E-03,+1.6723E+00,-1.8059E+00
+3.9500E+00,-561.2E-03,+253.9E-03,+1.6723E+00,-1.8059E+00
+3.9600E+00,-561.2E-03,+253.9E-03,+1.6723E+00,-1.8059E+00
+3.9700E+00,-561.2E-03,+253.9E-03,+1.6723E+00,-1.8059E+00
+3.9800E+00,-561.2E-03,+253.9E-03,+1.6723E+00,-1.8059E+00
+3.9900E+00,-561.2E-03,+253.9E-03,+1.6723E+00,-1.8059E+00
+4.0000E+00,-561.2E-03,+253.9E-03,+1.6723E+00,-1.8059E+00
+4.0100E+00,-561.2E-03,+253.9E-03,+1.6723E+00,-1.8059E+00
+4.0200E+00,-561.2E-03,+253.9E-03,+1.6723E+00,-1.8059E+00
+4.0300E+00,-561.2E-03,+253.9E-03,+1.6723E+00,-1.8059E+00
+4.0400E+00,-561.2E-03,+253.9E-03,+1.6723E+00,-1.8059E+00
+4.0500E+00,-561.2E-03,+253.9E-03,+1.6723E+00,-1.8059E+00
+4.0600E+00,-561.2E-03,+253.9E-03,+1.6723E+00,-1.8059E+00
+4.0700E+00,-561.2E-03,+253.9E-03,+1.6723E+00,-1.8059E+00
+4.0800E+00,-561.2E-03,+253.9E-03,+1.6723E+00,-1.8059E+00
+4.0900E+00,-561.2E-03,+253.9E-03,+1.6723E+00,-1.8059E+00
+4.1000E+00,-561.2E-03,+253.9E-03,+1.6723E+00,-1.8059E+00
+4.1100E+00,-561.2E-03,+253.9E-03,+1.6723E+00,-1.8059E+00
+4.1200E+00,-561.2E-03,+253.9E-03,+1.6723E+00,-1.8059E+00
+4.1300E+00,-561.2E-03,+253.9E-03,+1.6723E+00,-1.8059E+00
+4.1400E+00,-561.2E-03,+253.9E-03,+1.6723E+00,-1.8059E+00
+4.1500E+00,-561.2E-03,+253.9E-03,+1.6723E+00,-1.8059E+00
+4.1600E+00,-561.2E-03,+253.9E-03,+1.6723E+00,-1.8059E+00
+4.1700E+00,-561.2E-03,+253.9E-03,+1.6723E+00,-1.8059E+00
+4.1800E+00,-561.2E-03,+253.9E-03,+1.6723E+00,-1.8059E+00
+4.1900E+00,-561.2E-03,+253.9E-03,+1.6723E+00,-1.8059E+00
+4.2000E+00,-561.2E-03,+253.9E-03,+1.6723E+00,-1.8059E+00
+4.2100E+00,-561.2E-03,+253.9E-03,+1.6723E+00,-1.8059E+00
+4.2200E+00,-561.2E-03,+253.9E-03,+1.6723E+00,-1.8059E+00
+4.2300E+00,-561.2E-03,+253.9E-03,+1.6723E+00,-1.8059E+00
+4.2400E+00,-561.2E-03,+253.9E-03,+1.6723E+00,-1.8059E+00
+4.2500E+00,-561.2E-03,+253.9E-03,+1.6723E+00,-1.8059E+00
+4.2600E+00,-561.2E-03,+253.9E-03,+1.6723E+00,-1.8059E+00
+4.2700E+00,-561.2E-03,+253.9E-03,+1.6723E+00,-1.8059E+00
+4.2800E+00,-561.2E-03,+253.9E-03,+1.6723E+00,-1.8059E+00
+4.2900E+00,-561.2E-03,+253.9E-03,+1.6723E+00,-1.8059E+00
+4.3000E+00,-561.2E-03,+253.9E-03,+1.6723E+00,-1.8059E+00
+4.3100E+00,-561.2E-03,+253.9E-03,+1.6723E+00,-1.8059E+00
+4.3200E+00,-561.2E-03,+253.9E-03,+1.6723E+00,-1.8059E+00
+4.3300E+00,-561.2E-03,+253.9E-03,+1.6723E+00,-1.8059E+00
+4.3400E+00,-561.2E-03,+253.9E-03,+1.6723E+00,-1.8059E+00
+4.3500E+00,-561.2E-03,+253.9E-03,+1.6723E+00,-1.8059E+00
+4.3600E+00,-561.2E-03,+253.9E-03,+1.6723E+00,-1.8059E+00
+4.3700E+00,-561.2E-03,+253.9E-03,+1.6723E+00,-1.8059E+00
+4.3800E+00,-561.2E-03,+253.9E-03,+1.6723E+00,-1.8059E+00
+4.3900E+00,-561.2E-03,+253.9E-03,+1.6723E+00,-1.8059E+00
+4.4000E+00,-561.2E-03,+253.9E-03,+1.6723E+00,-1.8059E+00
+4.4100E+00,-561.2E-03,+253.9E-03,+1.6723E+00,-1.8059E+00
+4.4200E+00,-561.2E-03,+253.9E-03,+1.6723E+00,-1.8059E+00
+4.4300E+00,-561.2E-03,+253.9E-03,+1.6723E+00,-1.8059E+00
+4.4400E+00,-561.2E-03,+253.9E-03,+1.6723E+00,-1.8059E+00
+4.4500E+00,-561.2E-03,+253.9E-03,+1.6723E+00,-1.8059E+00
+4.4600E+00,-561.2E-03,+253.9E-03,+1.6723E+00,-1.8059E+00
+4.4700E+00,-561.2E-03,+253.9E-03,+1.6723E+00,-1.8059E+00
+4.4800E+00,-561.2E-03,+253.9E-03,+1.6723E+00,-1.8059E+00
+4.4900E+00,-561.2E-03,+253.9E-03,+1.6723E+00,-1.8059E+00
+4.5000E+00,-561.2E-03,+253.9E-03,+1.6723E+00,-1.8059E+00
+4.5100E+00,-561.2E-03,+253.9E-03,+1.6723E+00,-1.8059E+00
+4.5200E+00,-561.2E-03,+253.9E-03,+1.6723E+00,-1.8059E+00
+4.5300E+00,-561.2E-03,+253.9E-03,+1.6723E+00,-1.8059E+00
+4.5400E+00,-561.2E-03,+253.9E-03,+1.6723E+00,-1.8059E+00
+4.5500E+00,-561.2E-03,+253.9E-03,+1.6723E+00,-1.8059E+00
+4.5600E+00,-561.2E-03,+253.9E-03,+1.6723E+00,-1.8059E+00
+4.5700E+00,-561.2E-03,+253.9E-03,+1.6723E+00,-1.8059E+00
+4.5800E+00,-561.2E-03,+253.9E-03,+1.6723E+00,-1.8059E+00
+4.5900E+00,-561.2E-03,+253.9E-03,+1.6723E+00,-1.8059E+00
+4.6000E+00,-561.2E-03,+253.9E-03,+1.6723E+00,-1.8059E+00
+4.6100E+00,-561.2E-03,+253.9E-03,+1.6723E+00,-1.8059E+00
+4.6200E+00,-561.2E-03,+253.9E-03,+1.6723E+00,-1.8059E+00
+4.6300E+00,-561.2E-03,+253.9E-03,+1.6723E+00,-1.8059E+00
+4.6400E+00,-561.2E-03,+253.9E-03,+1.6723E+00,-1.8059E+00
+4.6500E+00,-561.2E-03,+253.9E-03,+1.6723E+00,-1.8059E+00
+4.6600E+00,-561.2E-03,+253.9E-03,+1.6723E+00,-1.8059E+00
+4.6700E+00,-561.2E-03,+253.9E-03,+1.6723E+00,-1.8059E+00
+4.6800E+00,-561.2E-03,+253.9E-03,+1.6723E+00,-1.8059E+00
+4.6900E+00,-561.2E-03,+253.9E-03,+1.6723E+00,-1.8059E+00
+4.7000E+00,-561.2E-03,+253.9E-03,+1.6723E+00,-1.8059E+00
+4.7100E+00,-561.2E-03,+253.9E-03,+1.6723E+00,-1.8059E+00
+4.7200E+00,-561.2E-03,+253.9E-03,+1.6723E+00,-1.8059E+00
+4.7300E+00,-561.2E-03,+253.9E-03,+1.6723E+00,-1.8059E+00
+4.7400E+00,-561.2E-03,+253.9E-03,+1.6723E+00,-1.8059E+00
+4.7500E+00,-561.2E-03,+253.9E-03,+1.6723E+00,-1.8059E+00
+4.7600E+00,-561.2E-03,+253.9E-03,+1.6723E+00,-1.8059E+00
+4.7700E+00,-561.2E-03,+253.9E-03,+1.6723E+00,-1.8059E+00
+4.7800E+00,-561.2E-03,+253.9E-03,+1.6723E+00,-1.8059E+00
+4.7900E+00,-561.2E-03,+253.9E-03,+1.6723E+00,-1.8059E+00
+4.8000E+00,-561.2E-03,+253.9E-03,+1.6723E+00,-1.8059E+00
+4.8100E+00,-561.2E-03,+253.9E-03,+1.6723E+00,-1.8059E+00
+4.8200E+00,-561.2E-03,+253.9E-03,+1.6723E+00,-1.8059E+00
+4.8300E+00,-561.2E-03,+253.9E-03,+1.6723E+00,-1.8059E+00
+4.8400E+00,-561.2E-03,+253.9E-03,+1.6723E+00,-1.8059E+00
+4.8500E+00,-561.2E-03,+253.9E-03,+1.6723E+00,-1.8059E+00
+4.8600E+00,-561.2E-03,+253.9E-03,+1.6723E+00,-1.8059E+00
+4.8700E+00,-561.2E-03,+253.9E-03,+1.6723E+00,-1.8059E+00
+4.8800E+00,-561.2E-03,+253.9E-03,+1.6723E+00,-1.8059E+00
+4.8900E+00,-561.2E-03,+253.9E-03,+1.6723E+00,-1.8059E+00
+4.9000E+00,-561.2E-03,+253.9E-03,+1.6723E+00,-1.8059E+00
+4.9100E+00,-561.2E-03,+253.9E-03,+1.6723E+00,-1.8059E+00
+4.9200E+00,-561.2E-03,+253.9E-03,+1.6723E+00,-1.8059E+00
+4.9300E+00,-561.2E-03,+253.9E-03,+1.6723E+00,-1.8059E+00
+4.9400E+00,-561.2E-03,+253.9E-03,+1.6723E+00,-1.8059E+00
+4.9500E+00,-561.2E-03,+253.9E-03,+1.6723E+00,-1.8059E+00
+4.9600E+00,-561.2E-03,+253.9E-03,+1.6723E+00,-1.8059E+00
+4.9700E+00,-561.2E-03,+253.9E-03,+1.6723E+00,-1.8059E+00
+4.9800E+00,-561.2E-03,+253.9E-03,+1.6723E+00,-1.8059E+00
+4.9900E+00,-561.2E-03,+253.9E-03,+1.6723E+00,-1.8059E+00
+5.0000E+00,-561.2E-03,+253.9E-03,+1.6723E+00,-1.8059E+00
+5.0100E+00,-561.2E-03,+253.9E-03,+1.6723E+00,-1.8059E+00
+5.0200E+00,-561.2E-03,+253.9E-03,+1.6723E+00,-1.8059E+00
+5.0300E+00,-561.2E-03,+253.9E-03,+1.6723E+00,-1.8059E+00
+5.0400E+00,-561.2E-03,+253.9E-03,+1.6723E+00,-1.8059E+00
+5.0500E+00,-561.2E-03,+253.9E-03,+1.6723E+00,-1.8059E+00
+5.0600E+00,-561.2E-03,+253.9E-03,+1.6723E+00,-1.8059E+00
+5.0700E+00,-561.2E-03,+253.9E-03,+1.6723E+00,-1.8059E+00
+5.0800E+00,-561.2E-03,+253.9E-03,+1.6723E+00,-1.8059E+00
+5.0900E+00,-561.2E-03,+253.9E-03,+1.6723E+00,-1.8059E+00
+5.1000E+00,-561.2E-03,+253.9E-03,+1.6723E+00,-1.8059E+00
+5.1100E+00,-561.2E-03,+253.9E-03,+1.6723E+00,-1.8059E+00
+5.1200E+00,-561.2E-03,+253.9E-03,+1.6723E+00,-1.8059E+00
+5.1300E+00,-561.2E-03,+253.9E-03,+1.6723E+00,-1.8059E+00
+5.1400E+00,-561.2E-03,+253.9E-03,+1.6723E+00,-1.8059E+00
+5.1500E+00,-561.2E-03,+253.9E-03,+1.6723E+00,-1.8059E+00
+5.1600E+00,-561.2E-03,+253.9E-03,+1.6723E+00,-1.8059E+00
+5.1700E+00,-561.2E-03,+253.9E-03,+1.6723E+00,-1.8059E+00
+5.1800E+00,-561.2E-03,+253.9E-03,+1.6723E+00,-1.8059E+00
+5.1900E+00,-561.2E-03,+253.9E-03,+1.6723E+00,-1.8059E+00
+5.2000E+00,-561.2E-03,+253.9E-03,+1.6723E+00,-1.8059E+00
+5.2100E+00,-561.2E-03,+253.9E-03,+1.6723E+00,-1.8059E+00
+5.2200E+00,-561.2E-03,+253.9E-03,+1.6723E+00,-1.8059E+00
+5.2300E+00,-561.2E-03,+253.9E-03,+1.6723E+00,-1.8059E+00
+5.2400E+00,-561.2E-03,+253.9E-03,+1.6723E+00,-1.8059E+00
+5.2500E+00,-561.2E-03,+253.9E-03,+1.6723E+00,-1.8059E+00
+5.2600E+00,-561.2E-03,+253.9E-03,+1.6723E+00,-1.8059E+00
+5.2700E+00,-561.2E-03,+253.9E-03,+1.6723E+00,-1.8059E+00
+5.2800E+00,-561.2E-03,+253.9E-03,+1.6723E+00,-1.8059E+00
+5.2900E+00,-561.2E-03,+253.9E-03,+1.6723E+00,-1.8059E+00
+5.3000E+00,-561.2E-03,+253.9E-03,+1.6723E+00,-1.8059E+00
+5.3100E+00,-561.2E-03,+253.9E-03,+1.6723E+00,-1.8059E+00
+5.3200E+00,-561.2E-03,+253.9E-03,+1.6723E+00,-1.8059E+00
+5.3300E+00,-561.2E-03,+253.9E-03,+1.6723E+00,-1.8059E+00
+5.3400E+00,-561.2E-03,+253.9E-03,+1.6723E+00,-1.8059E+00
+5.3500E+00,-561.2E-03,+253.9E-03,+1.6723E+00,-1.8059E+00
+5.3600E+00,-561.2E-03,+253.9E-03,+1.6723E+00,-1.8059E+00
+5.3700E+00,-561.2E-03,+253.9E-03,+1.6723E+00,-1.8059E+00
+5.3800E+00,-561.2E-03,+253.9E-03,+1.6723E+00,-1.8059E+00
+5.3900E+00,-561.2E-03,+253.9E-03,+1.6723E+00,-1.8059E+00
+5.4000E+00,-561.2E-03,+253.9E-03,+1.6723E+00,-1.8059E+00
+5.4100E+00,-561.2E-03,+253.9E-03,+1.6723E+00,-1.8059E+00
+5.4200E+00,-561.2E-03,+253.9E-03,+1.6723E+00,-1.8059E+00
+5.4300E+00,-561.2E-03,+253.9E-03,+1.6723E+00,-1.8059E+00
+5.4400E+00,-561.2E-03,+253.9E-03,+1.6723E+00,-1.8059E+00
+5.4500E+00,-561.2E-03,+253.9E-03,+1.6723E+00,-1.8059E+00
+5.4600E+00,-561.2E-03,+253.9E-03,+1.6723E+00,-1.8059E+00
+5.4700E+00,-561.2E-03,+253.9E-03,+1.6723E+00,-1.8059E+00
+5.4800E+00,-561.2E-03,+253.9E-03,+1.6723E+00,-1.8059E+00
+5.4900E+00,-561.2E-03,+253.9E-03,+1.6723E+00,-1.8059E+00
+5.5000E+00,-561.2E-03,+253.9E-03,+1.6723E+00,-1.8059E+00
+5.5100E+00,-561.2E-03,+253.9E-03,+1.6723E+00,-1.8059E+00
+5.5200E+00,-561.2E-03,+253.9E-03,+1.6723E+00,-1.8059E+00
+5.5300E+00,-561.2E-03,+253.9E-03,+1.6723E+00,-1.8059E+00
+5.5400E+00,-561.2E-03,+253.9E-03,+1.6723E+00,-1.8059E+00
+5.5500E+00,-561.2E-03,+253.9E-03,+1.6723E+00,-1.8059E+00
+5.5600E+00,-561.2E-03,+253.9E-03,+1.6723E+00,-1.8059E+00
+5.5700E+00,-561.2E-03,+253.9E-03,+1.6723E+00,-1.8059E+00
+5.5800E+00,-561.2E-03,+253.9E-03,+1.6723E+00,-1.8059E+00
+5.5900E+00,-561.2E-03,+253.9E-03,+1.6723E+00,-1.8059E+00
+5.6000E+00,-561.2E-03,+253.9E-03,+1.6723E+00,-1.8059E+00
+5.6100E+00,-561.2E-03,+253.9E-03,+1.6723E+00,-1.8059E+00
+5.6200E+00,-561.2E-03,+253.9E-03,+1.6723E+00,-1.8059E+00
+5.6300E+00,-561.2E-03,+253.9E-03,+1.6723E+00,-1.8059E+00
+5.6400E+00,-561.2E-03,+253.9E-03,+1.6723E+00,-1.8059E+00
+5.6500E+00,-561.2E-03,+253.9E-03,+1.6723E+00,-1.8059E+00
+5.6600E+00,-561.2E-03,+253.9E-03,+1.6723E+00,-1.8059E+00
+5.6700E+00,-561.2E-03,+253.9E-03,+1.6723E+00,-1.8059E+00
+5.6800E+00,-561.2E-03,+253.9E-03,+1.6723E+00,-1.8059E+00
+5.6900E+00,-561.2E-03,+253.9E-03,+1.6723E+00,-1.8059E+00
+5.7000E+00,-561.2E-03,+253.9E-03,+1.6723E+00,-1.8059E+00
+5.7100E+00,-561.2E-03,+253.9E-03,+1.6723E+00,-1.8059E+00
+5.7200E+00,-561.2E-03,+253.9E-03,+1.6723E+00,-1.8059E+00
+5.7300E+00,-561.2E-03,+253.9E-03,+1.6723E+00,-1.8059E+00
+5.7400E+00,-561.2E-03,+253.9E-03,+1.6723E+00,-1.8059E+00
+5.7500E+00,-561.2E-03,+253.9E-03,+1.6723E+00,-1.8059E+00
+5.7600E+00,-561.2E-03,+253.9E-03,+1.6723E+00,-1.8059E+00
+5.7700E+00,-561.2E-03,+253.9E-03,+1.6723E+00,-1.8059E+00
+5.7800E+00,-561.2E-03,+253.9E-03,+1.6723E+00,-1.8059E+00
+5.7900E+00,-561.2E-03,+253.9E-03,+1.6723E+00,-1.8059E+00
+5.8000E+00,-561.2E-03,+253.9E-03,+1.6723E+00,-1.8059E+00
+5.8100E+00,-561.2E-03,+253.9E-03,+1.6723E+00,-1.8059E+00
+5.8200E+00,-561.2E-03,+253.9E-03,+1.6723E+00,-1.8059E+00
+5.8300E+00,-561.2E-03,+253.9E-03,+1.6723E+00,-1.8059E+00
+5.8400E+00,-561.2E-03,+253.9E-03,+1.6723E+00,-1.8059E+00
+5.8500E+00,-561.2E-03,+253.9E-03,+1.6723E+00,-1.8059E+00
+5.8600E+00,-561.2E-03,+253.9E-03,+1.6723E+00,-1.8059E+00
+5.8700E+00,-561.2E-03,+253.9E-03,+1.6723E+00,-1.8059E+00
+5.8800E+00,-561.2E-03,+253.9E-03,+1.6723E+00,-1.8059E+00
+5.8900E+00,-561.2E-03,+253.9E-03,+1.6723E+00,-1.8059E+00
+5.9000E+00,-561.2E-03,+253.9E-03,+1.6723E+00,-1.8059E+00
+5.9100E+00,-561.2E-03,+253.9E-03,+1.6723E+00,-1.8059E+00
+5.9200E+00,-561.2E-03,+253.9E-03,+1.6723E+00,-1.8059E+00
+5.9300E+00,-561.2E-03,+253.9E-03,+1.6723E+00,-1.8059E+00
+5.9400E+00,-561.2E-03,+253.9E-03,+1.6723E+00,-1.8059E+00
+5.9500E+00,-561.2E-03,+253.9E-03,+1.6723E+00,-1.8059E+00
+5.9600E+00,-561.2E-03,+253.9E-03,+1.6723E+00,-1.8059E+00
+5.9700E+00,-561.2E-03,+253.9E-03,+1.6723E+00,-1.8059E+00
+5.9800E+00,-561.2E-03,+253.9E-03,+1.6723E+00,-1.8059E+00
+5.9900E+00,-561.2E-03,+253.9E-03,+1.6723E+00,-1.8059E+00
+6.0000E+00,-561.2E-03,+253.9E-03,+1.6723E+00,-1.8059E+00
+6.0100E+00,-561.2E-03,+253.9E-03,+1.6723E+00,-1.8059E+00
+6.0200E+00,-561.2E-03,+253.9E-03,+1.6723E+00,-1.8059E+00
+6.0300E+00,-561.2E-03,+253.9E-03,+1.6723E+00,-1.8059E+00
+6.0400E+00,-561.2E-03,+253.9E-03,+1.6723E+00,-1.8059E+00
+6.0500E+00,-561.2E-03,+253.9E-03,+1.6723E+00,-1.8059E+00
+6.0600E+00,-561.2E-03,+253.9E-03,+1.6723E+00,-1.8059E+00
+6.0700E+00,-561.2E-03,+253.9E-03,+1.6723E+00,-1.8059E+00
+6.0800E+00,-561.2E-03,+253.9E-03,+1.6723E+00,-1.8059E+00
+6.0900E+00,-561.2E-03,+253.9E-03,+1.6723E+00,-1.8059E+00
+6.1000E+00,-561.2E-03,+253.9E-03,+1.6723E+00,-1.8059E+00
+6.1100E+00,-561.2E-03,+253.9E-03,+1.6723E+00,-1.8059E+00
+6.1200E+00,-561.2E-03,+253.9E-03,+1.6723E+00,-1.8059E+00
+6.1300E+00,-561.2E-03,+253.9E-03,+1.6723E+00,-1.8059E+00
+6.1400E+00,-561.2E-03,+253.9E-03,+1.6723E+00,-1.8059E+00
+6.1500E+00,-561.2E-03,+253.9E-03,+1.6723E+00,-1.8059E+00
+6.1600E+00,-561.2E-03,+253.9E-03,+1.6723E+00,-1.8059E+00
+6.1700E+00,-561.2E-03,+253.9E-03,+1.6723E+00,-1.8059E+00
+6.1800E+00,-561.2E-03,+253.9E-03,+1.6723E+00,-1.8059E+00
+6.1900E+00,-561.2E-03,+253.9E-03,+1.6723E+00,-1.8059E+00
+6.2000E+00,-561.2E-03,+253.9E-03,+1.6723E+00,-1.8059E+00
+6.2100E+00,-561.2E-03,+253.9E-03,+1.6723E+00,-1.8059E+00
+6.2200E+00,-561.2E-03,+253.9E-03,+1.6723E+00,-1.8059E+00
+6.2300E+00,-561.2E-03,+253.9E-03,+1.6723E+00,-1.8059E+00
+6.2400E+00,-561.2E-03,+253.9E-03,+1.6723E+00,-1.8059E+00
+6.2500E+00,-561.2E-03,+253.9E-03,+1.6723E+00,-1.8059E+00
+6.2600E+00,-561.2E-03,+253.9E-03,+1.6723E+00,-1.8059E+00
+6.2700E+00,-561.2E-03,+253.9E-03,+1.6723E+00,-1.8059E+00
+6.2800E+00,-561.2E-03,+253.9E-03,+1.6723E+00,-1.8059E+00
+6.2900E+00,-561.2E-03,+253.9E-03,+1.6723E+00,-1.8059E+00
+6.3000E+00,-561.2E-03,+253.9E-03,+1.6723E+00,-1.8059E+00
+6.3100E+00,-561.2E-03,+253.9E-03,+1.6723E+00,-1.8059E+00
+6.3200E+00,-561.2E-03,+253.9E-03,+1.6723E+00,-1.8059E+00
+6.3300E+00,-561.2E-03,+253.9E-03,+1.6723E+00,-1.8059E+00
+6.3400E+00,-561.2E-03,+253.9E-03,+1.6723E+00,-1.8059E+00
+6.3500E+00,-561.2E-03,+253.9E-03,+1.6723E+00,-1.8059E+00
+6.3600E+00,-561.2E-03,+253.9E-03,+1.6723E+00,-1.8059E+00
+6.3700E+00,-561.2E-03,+253.9E-03,+1.6723E+00,-1.8059E+00
+6.3800E+00,-561.2E-03,+253.9E-03,+1.6723E+00,-1.8059E+00
+6.3900E+00,-561.2E-03,+253.9E-03,+1.6723E+00,-1.8059E+00
+6.4000E+00,-561.2E-03,+253.9E-03,+1.6723E+00,-1.8059E+00
+6.4100E+00,-561.2E-03,+253.9E-03,+1.6723E+00,-1.8059E+00
+6.4200E+00,-561.2E-03,+253.9E-03,+1.6723E+00,-1.8059E+00
+6.4300E+00,-561.2E-03,+253.9E-03,+1.6723E+00,-1.8059E+00
+6.4400E+00,-561.2E-03,+253.9E-03,+1.6723E+00,-1.8059E+00
+6.4500E+00,-561.2E-03,+253.9E-03,+1.6723E+00,-1.8059E+00
+6.4600E+00,-561.2E-03,+253.9E-03,+1.6723E+00,-1.8059E+00
+6.4700E+00,-561.2E-03,+253.9E-03,+1.6723E+00,-1.8059E+00
+6.4800E+00,-561.2E-03,+253.9E-03,+1.6723E+00,-1.8059E+00
+6.4900E+00,-561.2E-03,+253.9E-03,+1.6723E+00,-1.8059E+00
+6.5000E+00,-561.2E-03,+253.9E-03,+1.6723E+00,-1.8059E+00
+6.5100E+00,-561.2E-03,+253.9E-03,+1.6723E+00,-1.8059E+00
+6.5200E+00,-561.2E-03,+253.9E-03,+1.6723E+00,-1.8059E+00
+6.5300E+00,-561.2E-03,+253.9E-03,+1.6723E+00,-1.8059E+00
+6.5400E+00,-561.2E-03,+253.9E-03,+1.6723E+00,-1.8059E+00
+6.5500E+00,-561.2E-03,+253.9E-03,+1.6723E+00,-1.8059E+00
+6.5600E+00,-561.2E-03,+253.9E-03,+1.6723E+00,-1.8059E+00
+6.5700E+00,-561.2E-03,+253.9E-03,+1.6723E+00,-1.8059E+00
+6.5800E+00,-561.2E-03,+253.9E-03,+1.6723E+00,-1.8059E+00
+6.5900E+00,-561.2E-03,+253.9E-03,+1.6723E+00,-1.8059E+00
+6.6000E+00,-561.2E-03,+253.9E-03,+1.6723E+00,-1.8059E+00
+6.6100E+00,-561.2E-03,+253.9E-03,+1.6723E+00,-1.8059E+00
+6.6200E+00,-561.2E-03,+253.9E-03,+1.6723E+00,-1.8059E+00
+6.6300E+00,-561.2E-03,+253.9E-03,+1.6723E+00,-1.8059E+00
+6.6400E+00,-561.2E-03,+253.9E-03,+1.6723E+00,-1.8059E+00
+6.6500E+00,-561.2E-03,+253.9E-03,+1.6723E+00,-1.8059E+00
+6.6600E+00,-561.2E-03,+253.9E-03,+1.6723E+00,-1.8059E+00
+6.6700E+00,-561.2E-03,+253.9E-03,+1.6723E+00,-1.8059E+00
+6.6800E+00,-561.2E-03,+253.9E-03,+1.6723E+00,-1.8059E+00
+6.6900E+00,-561.2E-03,+253.9E-03,+1.6723E+00,-1.8059E+00
+6.7000E+00,-561.2E-03,+253.9E-03,+1.6723E+00,-1.8059E+00
+6.7100E+00,-561.2E-03,+253.9E-03,+1.6723E+00,-1.8059E+00
+6.7200E+00,-561.2E-03,+253.9E-03,+1.6723E+00,-1.8059E+00
+6.7300E+00,-561.2E-03,+253.9E-03,+1.6723E+00,-1.8059E+00
+6.7400E+00,-561.2E-03,+253.9E-03,+1.6723E+00,-1.8059E+00
+6.7500E+00,-561.2E-03,+253.9E-03,+1.6723E+00,-1.8059E+00
+6.7600E+00,-561.2E-03,+253.9E-03,+1.6723E+00,-1.8059E+00
+6.7700E+00,-561.2E-03,+253.9E-03,+1.6723E+00,-1.8059E+00
+6.7800E+00,-561.2E-03,+253.9E-03,+1.6723E+00,-1.8059E+00
+6.7900E+00,-561.2E-03,+253.9E-03,+1.6723E+00,-1.8059E+00
+6.8000E+00,-561.2E-03,+253.9E-03,+1.6723E+00,-1.8059E+00
+6.8100E+00,-561.2E-03,+253.9E-03,+1.6723E+00,-1.8059E+00
+6.8200E+00,-561.2E-03,+253.9E-03,+1.6723E+00,-1.8059E+00
+6.8300E+00,-561.2E-03,+253.9E-03,+1.6723E+00,-1.8059E+00
+6.8400E+00,-561.2E-03,+253.9E-03,+1.6723E+00,-1.8059E+00
+6.8500E+00,-561.2E-03,+253.9E-03,+1.6723E+00,-1.8059E+00
+6.8600E+00,-561.2E-03,+253.9E-03,+1.6723E+00,-1.8059E+00
+6.8700E+00,-561.2E-03,+253.9E-03,+1.6723E+00,-1.8059E+00
+6.8800E+00,-561.2E-03,+253.9E-03,+1.6723E+00,-1.8059E+00
+6.8900E+00,-561.2E-03,+253.9E-03,+1.6723E+00,-1.8059E+00
+6.9000E+00,-561.2E-03,+253.9E-03,+1.6723E+00,-1.8059E+00
+6.9100E+00,-561.2E-03,+253.9E-03,+1.6723E+00,-1.8059E+00
+6.9200E+00,-561.2E-03,+253.9E-03,+1.6723E+00,-1.8059E+00
+6.9300E+00,-561.2E-03,+253.9E-03,+1.6723E+00,-1.8059E+00
+6.9400E+00,-561.2E-03,+253.9E-03,+1.6723E+00,-1.8059E+00
+6.9500E+00,-561.2E-03,+253.9E-03,+1.6723E+00,-1.8059E+00
+6.9600E+00,-561.2E-03,+253.9E-03,+1.6723E+00,-1.8059E+00
+6.9700E+00,-561.2E-03,+253.9E-03,+1.6723E+00,-1.8059E+00
+6.9800E+00,-561.2E-03,+253.9E-03,+1.6723E+00,-1.8059E+00
+6.9900E+00,-561.2E-03,+253.9E-03,+1.6723E+00,-1.8059E+00
+7.0000E+00,-561.2E-03,+253.9E-03,+1.6723E+00,-1.8059E+00
+7.0100E+00,-561.2E-03,+253.9E-03,+1.6723E+00,-1.8059E+00
+7.0200E+00,-561.2E-03,+253.9E-03,+1.6723E+00,-1.8059E+00
+7.0300E+00,-561.2E-03,+253.9E-03,+1.6723E+00,-1.8059E+00
+7.0400E+00,-561.2E-03,+253.9E-03,+1.6723E+00,-1.8059E+00
+7.0500E+00,-561.2E-03,+253.9E-03,+1.6723E+00,-1.8059E+00
+7.0600E+00,-561.2E-03,+253.9E-03,+1.6723E+00,-1.8059E+00
+7.0700E+00,-561.2E-03,+253.9E-03,+1.6723E+00,-1.8059E+00
+7.0800E+00,-561.2E-03,+253.9E-03,+1.6723E+00,-1.8059E+00
+7.0900E+00,-561.2E-03,+253.9E-03,+1.6723E+00,-1.8059E+00
+7.1000E+00,-561.2E-03,+253.9E-03,+1.6723E+00,-1.8059E+00
+7.1100E+00,-561.2E-03,+253.9E-03,+1.6723E+00,-1.8059E+00
+7.1200E+00,-561.2E-03,+253.9E-03,+1.6723E+00,-1.8059E+00
+7.1300E+00,-561.2E-03,+253.9E-03,+1.6723E+00,-1.8059E+00
+7.1400E+00,-561.2E-03,+253.9E-03,+1.6723E+00,-1.8059E+00
+7.1500E+00,-561.2E-03,+253.9E-03,+1.6723E+00,-1.8059E+00
+7.1600E+00,-561.2E-03,+253.9E-03,+1.6723E+00,-1.8059E+00
+7.1700E+00,-561.2E-03,+253.9E-03,+1.6723E+00,-1.8059E+00
+7.1800E+00,-561.2E-03,+253.9E-03,+1.6723E+00,-1.8059E+00
+7.1900E+00,-561.2E-03,+253.9E-03,+1.6723E+00,-1.8059E+00
+7.2000E+00,-561.2E-03,+253.9E-03,+1.6723E+00,-1.8059E+00
+7.2100E+00,-561.2E-03,+253.9E-03,+1.6723E+00,-1.8059E+00
+7.2200E+00,-561.2E-03,+253.9E-03,+1.6723E+00,-1.8059E+00
+7.2300E+00,-561.2E-03,+253.9E-03,+1.6723E+00,-1.8059E+00
+7.2400E+00,-561.2E-03,+253.9E-03,+1.6723E+00,-1.8059E+00
+7.2500E+00,-561.2E-03,+253.9E-03,+1.6723E+00,-1.8059E+00
+7.2600E+00,-561.2E-03,+253.9E-03,+1.6723E+00,-1.8059E+00
+7.2700E+00,-561.2E-03,+253.9E-03,+1.6723E+00,-1.8059E+00
+7.2800E+00,-561.2E-03,+253.9E-03,+1.6723E+00,-1.8059E+00
+7.2900E+00,-561.2E-03,+253.9E-03,+1.6723E+00,-1.8059E+00
+7.3000E+00,-561.2E-03,+253.9E-03,+1.6723E+00,-1.8059E+00
+7.3100E+00,-561.2E-03,+253.9E-03,+1.6723E+00,-1.8059E+00
+7.3200E+00,-561.2E-03,+253.9E-03,+1.6723E+00,-1.8059E+00
+7.3300E+00,-561.2E-03,+253.9E-03,+1.6723E+00,-1.8059E+00
+7.3400E+00,-561.2E-03,+253.9E-03,+1.6723E+00,-1.8059E+00
+7.3500E+00,-561.2E-03,+253.9E-03,+1.6723E+00,-1.8059E+00
+7.3600E+00,-561.2E-03,+253.9E-03,+1.6723E+00,-1.8059E+00
+7.3700E+00,-561.2E-03,+253.9E-03,+1.6723E+00,-1.8059E+00
+7.3800E+00,-561.2E-03,+253.9E-03,+1.6723E+00,-1.8059E+00
+7.3900E+00,-561.2E-03,+253.9E-03,+1.6723E+00,-1.8059E+00
+7.4000E+00,-561.2E-03,+253.9E-03,+1.6723E+00,-1.8059E+00
+7.4100E+00,-561.2E-03,+253.9E-03,+1.6723E+00,-1.8059E+00
+7.4200E+00,-561.2E-03,+253.9E-03,+1.6723E+00,-1.8059E+00
+7.4300E+00,-561.2E-03,+253.9E-03,+1.6723E+00,-1.8059E+00
+7.4400E+00,-561.2E-03,+253.9E-03,+1.6723E+00,-1.8059E+00
+7.4500E+00,-561.2E-03,+253.9E-03,+1.6723E+00,-1.8059E+00
+7.4600E+00,-561.2E-03,+253.9E-03,+1.6723E+00,-1.8059E+00
+7.4700E+00,-561.2E-03,+253.9E-03,+1.6723E+00,-1.8059E+00
+7.4800E+00,-561.2E-03,+253.9E-03,+1.6723E+00,-1.8059E+00
+7.4900E+00,-561.2E-03,+253.9E-03,+1.6723E+00,-1.8059E+00
+7.5000E+00,-561.2E-03,+253.9E-03,+1.6723E+00,-1.8059E+00
+7.5100E+00,-561.2E-03,+253.9E-03,+1.6723E+00,-1.8059E+00
+7.5200E+00,-561.2E-03,+253.9E-03,+1.6723E+00,-1.8059E+00
+7.5300E+00,-561.2E-03,+253.9E-03,+1.6723E+00,-1.8059E+00
+7.5400E+00,-561.2E-03,+253.9E-03,+1.6723E+00,-1.8059E+00
+7.5500E+00,-561.2E-03,+253.9E-03,+1.6723E+00,-1.8059E+00
+7.5600E+00,-561.2E-03,+253.9E-03,+1.6723E+00,-1.8059E+00
+7.5700E+00,-561.2E-03,+253.9E-03,+1.6723E+00,-1.8059E+00
+7.5800E+00,-561.2E-03,+253.9E-03,+1.6723E+00,-1.8059E+00
+7.5900E+00,-561.2E-03,+253.9E-03,+1.6723E+00,-1.8059E+00
+7.6000E+00,-561.2E-03,+253.9E-03,+1.6723E+00,-1.8059E+00
+7.6100E+00,-561.2E-03,+253.9E-03,+1.6723E+00,-1.8059E+00
+7.6200E+00,-561.2E-03,+253.9E-03,+1.6723E+00,-1.8059E+00
+7.6300E+00,-561.2E-03,+253.9E-03,+1.6723E+00,-1.8059E+00
+7.6400E+00,-561.2E-03,+253.9E-03,+1.6723E+00,-1.8059E+00
+7.6500E+00,-561.2E-03,+253.9E-03,+1.6723E+00,-1.8059E+00
+7.6600E+00,-561.2E-03,+253.9E-03,+1.6723E+00,-1.8059E+00
+7.6700E+00,-561.2E-03,+253.9E-03,+1.6723E+00,-1.8059E+00
+7.6800E+00,-561.2E-03,+253.9E-03,+1.6723E+00,-1.8059E+00
+7.6900E+00,-561.2E-03,+253.9E-03,+1.6723E+00,-1.8059E+00
+7.7000E+00,-561.2E-03,+253.9E-03,+1.6723E+00,-1.8059E+00
+7.7100E+00,-561.2E-03,+253.9E-03,+1.6723E+00,-1.8059E+00
+7.7200E+00,-561.2E-03,+253.9E-03,+1.6723E+00,-1.8059E+00
+7.7300E+00,-561.2E-03,+253.9E-03,+1.6723E+00,-1.8059E+00
+7.7400E+00,-561.2E-03,+253.9E-03,+1.6723E+00,-1.8059E+00
+7.7500E+00,-561.2E-03,+253.9E-03,+1.6723E+00,-1.8059E+00
+7.7600E+00,-561.2E-03,+253.9E-03,+1.6723E+00,-1.8059E+00
+7.7700E+00,-561.2E-03,+253.9E-03,+1.6723E+00,-1.8059E+00
+7.7800E+00,-561.2E-03,+253.9E-03,+1.6723E+00,-1.8059E+00
+7.7900E+00,-561.2E-03,+253.9E-03,+1.6723E+00,-1.8059E+00
+7.8000E+00,-561.2E-03,+253.9E-03,+1.6723E+00,-1.8059E+00
+7.8100E+00,-561.2E-03,+253.9E-03,+1.6723E+00,-1.8059E+00
+7.8200E+00,-561.2E-03,+253.9E-03,+1.6723E+00,-1.8059E+00
+7.8300E+00,-561.2E-03,+253.9E-03,+1.6723E+00,-1.8059E+00
+7.8400E+00,-561.2E-03,+253.9E-03,+1.6723E+00,-1.8059E+00
+7.8500E+00,-561.2E-03,+253.9E-03,+1.6723E+00,-1.8059E+00
+7.8600E+00,-561.2E-03,+253.9E-03,+1.6723E+00,-1.8059E+00
+7.8700E+00,-561.2E-03,+253.9E-03,+1.6723E+00,-1.8059E+00
+7.8800E+00,-561.2E-03,+253.9E-03,+1.6723E+00,-1.8059E+00
+7.8900E+00,-561.2E-03,+253.9E-03,+1.6723E+00,-1.8059E+00
+7.9000E+00,-561.2E-03,+253.9E-03,+1.6723E+00,-1.8059E+00
+7.9100E+00,-561.2E-03,+253.9E-03,+1.6723E+00,-1.8059E+00
+7.9200E+00,-561.2E-03,+253.9E-03,+1.6723E+00,-1.8059E+00
+7.9300E+00,-561.2E-03,+253.9E-03,+1.6723E+00,-1.8059E+00
+7.9400E+00,-561.2E-03,+253.9E-03,+1.6723E+00,-1.8059E+00
+7.9500E+00,-561.2E-03,+253.9E-03,+1.6723E+00,-1.8059E+00
+7.9600E+00,-561.2E-03,+253.9E-03,+1.6723E+00,-1.8059E+00
+7.9700E+00,-561.2E-03,+253.9E-03,+1.6723E+00,-1.8059E+00
+7.9800E+00,-561.2E-03,+253.9E-03,+1.6723E+00,-1.8059E+00
+7.9900E+00,-561.2E-03,+253.9E-03,+1.6723E+00,-1.8059E+00
+8.0000E+00,-561.2E-03,+253.9E-03,+1.6723E+00,-1.8059E+00
+8.0100E+00,-561.2E-03,+253.9E-03,+1.6723E+00,-1.8059E+00
+8.0200E+00,-561.2E-03,+253.9E-03,+1.6723E+00,-1.8059E+00
+8.0300E+00,-561.2E-03,+253.9E-03,+1.6723E+00,-1.8059E+00
+8.0400E+00,-561.2E-03,+253.9E-03,+1.6723E+00,-1.8059E+00
+8.0500E+00,-561.2E-03,+253.9E-03,+1.6723E+00,-1.8059E+00
+8.0600E+00,-561.2E-03,+253.9E-03,+1.6723E+00,-1.8059E+00
+8.0700E+00,-561.2E-03,+253.9E-03,+1.6723E+00,-1.8059E+00
+8.0800E+00,-561.2E-03,+253.9E-03,+1.6723E+00,-1.8059E+00
+8.0900E+00,-561.2E-03,+253.9E-03,+1.6723E+00,-1.8059E+00
+8.1000E+00,-561.2E-03,+253.9E-03,+1.6723E+00,-1.8059E+00
+8.1100E+00,-561.2E-03,+253.9E-03,+1.6723E+00,-1.8059E+00
+8.1200E+00,-561.2E-03,+253.9E-03,+1.6723E+00,-1.8059E+00
+8.1300E+00,-561.2E-03,+253.9E-03,+1.6723E+00,-1.8059E+00
+8.1400E+00,-561.2E-03,+253.9E-03,+1.6723E+00,-1.8059E+00
+8.1500E+00,-561.2E-03,+253.9E-03,+1.6723E+00,-1.8059E+00
+8.1600E+00,-561.2E-03,+253.9E-03,+1.6723E+00,-1.8059E+00
+8.1700E+00,-561.2E-03,+253.9E-03,+1.6723E+00,-1.8059E+00
+8.1800E+00,-561.2E-03,+253.9E-03,+1.6723E+00,-1.8059E+00
+8.1900E+00,-561.2E-03,+253.9E-03,+1.6723E+00,-1.8059E+00
+8.2000E+00,-561.2E-03,+253.9E-03,+1.6723E+00,-1.8059E+00
+8.2100E+00,-561.2E-03,+253.9E-03,+1.6723E+00,-1.8059E+00
+8.2200E+00,-561.2E-03,+253.9E-03,+1.6723E+00,-1.8059E+00
+8.2300E+00,-561.2E-03,+253.9E-03,+1.6723E+00,-1.8059E+00
+8.2400E+00,-561.2E-03,+253.9E-03,+1.6723E+00,-1.8059E+00
+8.2500E+00,-561.2E-03,+253.9E-03,+1.6723E+00,-1.8059E+00
+8.2600E+00,-561.2E-03,+253.9E-03,+1.6723E+00,-1.8059E+00
+8.2700E+00,-561.2E-03,+253.9E-03,+1.6723E+00,-1.8059E+00
+8.2800E+00,-561.2E-03,+253.9E-03,+1.6723E+00,-1.8059E+00
+8.2900E+00,-561.2E-03,+253.9E-03,+1.6723E+00,-1.8059E+00
+8.3000E+00,-561.2E-03,+253.9E-03,+1.6723E+00,-1.8059E+00
+8.3100E+00,-561.2E-03,+253.9E-03,+1.6723E+00,-1.8059E+00
+8.3200E+00,-561.2E-03,+253.9E-03,+1.6723E+00,-1.8059E+00
+8.3300E+00,-561.2E-03,+253.9E-03,+1.6723E+00,-1.8059E+00
+8.3400E+00,-561.2E-03,+253.9E-03,+1.6723E+00,-1.8059E+00
+8.3500E+00,-561.2E-03,+253.9E-03,+1.6723E+00,-1.8059E+00
+8.3600E+00,-561.2E-03,+253.9E-03,+1.6723E+00,-1.8059E+00
+8.3700E+00,-561.2E-03,+253.9E-03,+1.6723E+00,-1.8059E+00
+8.3800E+00,-561.2E-03,+253.9E-03,+1.6723E+00,-1.8059E+00
+8.3900E+00,-561.2E-03,+253.9E-03,+1.6723E+00,-1.8059E+00
+8.4000E+00,-561.2E-03,+253.9E-03,+1.6723E+00,-1.8059E+00
+8.4100E+00,-561.2E-03,+253.9E-03,+1.6723E+00,-1.8059E+00
+8.4200E+00,-561.2E-03,+253.9E-03,+1.6723E+00,-1.8059E+00
+8.4300E+00,-561.2E-03,+253.9E-03,+1.6723E+00,-1.8059E+00
+8.4400E+00,-561.2E-03,+253.9E-03,+1.6723E+00,-1.8059E+00
+8.4500E+00,-561.2E-03,+253.9E-03,+1.6723E+00,-1.8059E+00
+8.4600E+00,-561.2E-03,+253.9E-03,+1.6723E+00,-1.8059E+00
+8.4700E+00,-561.2E-03,+253.9E-03,+1.6723E+00,-1.8059E+00
+8.4800E+00,-561.2E-03,+253.9E-03,+1.6723E+00,-1.8059E+00
+8.4900E+00,-561.2E-03,+253.9E-03,+1.6723E+00,-1.8059E+00
+8.5000E+00,-561.2E-03,+253.9E-03,+1.6723E+00,-1.8059E+00
+8.5100E+00,-561.2E-03,+253.9E-03,+1.6723E+00,-1.8059E+00
+8.5200E+00,-561.2E-03,+253.9E-03,+1.6723E+00,-1.8059E+00
+8.5300E+00,-561.2E-03,+253.9E-03,+1.6723E+00,-1.8059E+00
+8.5400E+00,-561.2E-03,+253.9E-03,+1.6723E+00,-1.8059E+00
+8.5500E+00,-561.2E-03,+253.9E-03,+1.6723E+00,-1.8059E+00
+8.5600E+00,-561.2E-03,+253.9E-03,+1.6723E+00,-1.8059E+00
+8.5700E+00,-561.2E-03,+253.9E-03,+1.6723E+00,-1.8059E+00
+8.5800E+00,-561.2E-03,+253.9E-03,+1.6723E+00,-1.8059E+00
+8.5900E+00,-561.2E-03,+253.9E-03,+1.6723E+00,-1.8059E+00
+8.6000E+00,-561.2E-03,+253.9E-03,+1.6723E+00,-1.8059E+00
+8.6100E+00,-561.2E-03,+253.9E-03,+1.6723E+00,-1.8059E+00
+8.6200E+00,-561.2E-03,+253.9E-03,+1.6723E+00,-1.8059E+00
+8.6300E+00,-561.2E-03,+253.9E-03,+1.6723E+00,-1.8059E+00
+8.6400E+00,-561.2E-03,+253.9E-03,+1.6723E+00,-1.8059E+00
+8.6500E+00,-561.2E-03,+253.9E-03,+1.6723E+00,-1.8059E+00
+8.6600E+00,-561.2E-03,+253.9E-03,+1.6723E+00,-1.8059E+00
+8.6700E+00,-561.2E-03,+253.9E-03,+1.6723E+00,-1.8059E+00
+8.6800E+00,-561.2E-03,+253.9E-03,+1.6723E+00,-1.8059E+00
+8.6900E+00,-561.2E-03,+253.9E-03,+1.6723E+00,-1.8059E+00
+8.7000E+00,-561.2E-03,+253.9E-03,+1.6723E+00,-1.8059E+00
+8.7100E+00,-561.2E-03,+253.9E-03,+1.6723E+00,-1.8059E+00
+8.7200E+00,-561.2E-03,+253.9E-03,+1.6723E+00,-1.8059E+00
+8.7300E+00,-561.2E-03,+253.9E-03,+1.6723E+00,-1.8059E+00
+8.7400E+00,-561.2E-03,+253.9E-03,+1.6723E+00,-1.8059E+00
+8.7500E+00,-561.2E-03,+253.9E-03,+1.6723E+00,-1.8059E+00
+8.7600E+00,-561.2E-03,+253.9E-03,+1.6723E+00,-1.8059E+00
+8.7700E+00,-561.2E-03,+253.9E-03,+1.6723E+00,-1.8059E+00
+8.7800E+00,-561.2E-03,+253.9E-03,+1.6723E+00,-1.8059E+00
+8.7900E+00,-561.2E-03,+253.9E-03,+1.6723E+00,-1.8059E+00
+8.8000E+00,-561.2E-03,+253.9E-03,+1.6723E+00,-1.8059E+00
+8.8100E+00,-561.2E-03,+253.9E-03,+1.6723E+00,-1.8059E+00
+8.8200E+00,-561.2E-03,+253.9E-03,+1.6723E+00,-1.8059E+00
+8.8300E+00,-561.2E-03,+253.9E-03,+1.6723E+00,-1.8059E+00
+8.8400E+00,-561.2E-03,+253.9E-03,+1.6723E+00,-1.8059E+00
+8.8500E+00,-561.2E-03,+253.9E-03,+1.6723E+00,-1.8059E+00
+8.8600E+00,-561.2E-03,+253.9E-03,+1.6723E+00,-1.8059E+00
+8.8700E+00,-561.2E-03,+253.9E-03,+1.6723E+00,-1.8059E+00
+8.8800E+00,-561.2E-03,+253.9E-03,+1.6723E+00,-1.8059E+00
+8.8900E+00,-561.2E-03,+253.9E-03,+1.6723E+00,-1.8059E+00
+8.9000E+00,-561.2E-03,+253.9E-03,+1.6723E+00,-1.8059E+00
+8.9100E+00,-561.2E-03,+253.9E-03,+1.6723E+00,-1.8059E+00
+8.9200E+00,-561.2E-03,+253.9E-03,+1.6723E+00,-1.8059E+00
+8.9300E+00,-561.2E-03,+253.9E-03,+1.6723E+00,-1.8059E+00
+8.9400E+00,-561.2E-03,+253.9E-03,+1.6723E+00,-1.8059E+00
+8.9500E+00,-561.2E-03,+253.9E-03,+1.6723E+00,-1.8059E+00
+8.9600E+00,-561.2E-03,+253.9E-03,+1.6723E+00,-1.8059E+00
+8.9700E+00,-561.2E-03,+253.9E-03,+1.6723E+00,-1.8059E+00
+8.9800E+00,-561.2E-03,+253.9E-03,+1.6723E+00,-1.8059E+00
+8.9900E+00,-561.2E-03,+253.9E-03,+1.6723E+00,-1.8059E+00
+9.0000E+00,-561.2E-03,+253.9E-03,+1.6723E+00,-1.8059E+00
+9.0100E+00,-561.2E-03,+253.9E-03,+1.6723E+00,-1.8059E+00
+9.0200E+00,-561.2E-03,+253.9E-03,+1.6723E+00,-1.8059E+00
+9.0300E+00,-561.2E-03,+253.9E-03,+1.6723E+00,-1.8059E+00
+9.0400E+00,-561.2E-03,+253.9E-03,+1.6723E+00,-1.8059E+00
+9.0500E+00,-561.2E-03,+253.9E-03,+1.6723E+00,-1.8059E+00
+9.0600E+00,-561.2E-03,+253.9E-03,+1.6723E+00,-1.8059E+00
+9.0700E+00,-561.2E-03,+253.9E-03,+1.6723E+00,-1.8059E+00
+9.0800E+00,-561.2E-03,+253.9E-03,+1.6723E+00,-1.8059E+00
+9.0900E+00,-561.2E-03,+253.9E-03,+1.6723E+00,-1.8059E+00
+9.1000E+00,-561.2E-03,+253.9E-03,+1.6723E+00,-1.8059E+00
+9.1100E+00,-561.2E-03,+253.9E-03,+1.6723E+00,-1.8059E+00
+9.1200E+00,-561.2E-03,+253.9E-03,+1.6723E+00,-1.8059E+00
+9.1300E+00,-561.2E-03,+253.9E-03,+1.6723E+00,-1.8059E+00
+9.1400E+00,-561.2E-03,+253.9E-03,+1.6723E+00,-1.8059E+00
+9.1500E+00,-561.2E-03,+253.9E-03,+1.6723E+00,-1.8059E+00
+9.1600E+00,-561.2E-03,+253.9E-03,+1.6723E+00,-1.8059E+00
+9.1700E+00,-561.2E-03,+253.9E-03,+1.6723E+00,-1.8059E+00
+9.1800E+00,-561.2E-03,+253.9E-03,+1.6723E+00,-1.8059E+00
+9.1900E+00,-561.2E-03,+253.9E-03,+1.6723E+00,-1.8059E+00
+9.2000E+00,-561.2E-03,+253.9E-03,+1.6723E+00,-1.8059E+00
+9.2100E+00,-561.2E-03,+253.9E-03,+1.6723E+00,-1.8059E+00
+9.2200E+00,-561.2E-03,+253.9E-03,+1.6723E+00,-1.8059E+00
+9.2300E+00,-561.2E-03,+253.9E-03,+1.6723E+00,-1.8059E+00
+9.2400E+00,-561.2E-03,+253.9E-03,+1.6723E+00,-1.8059E+00
+9.2500E+00,-561.2E-03,+253.9E-03,+1.6723E+00,-1.8059E+00
+9.2600E+00,-561.2E-03,+253.9E-03,+1.6723E+00,-1.8059E+00
+9.2700E+00,-561.2E-03,+253.9E-03,+1.6723E+00,-1.8059E+00
+9.2800E+00,-561.2E-03,+253.9E-03,+1.6723E+00,-1.8059E+00
+9.2900E+00,-561.2E-03,+253.9E-03,+1.6723E+00,-1.8059E+00
+9.3000E+00,-561.2E-03,+253.9E-03,+1.6723E+00,-1.8059E+00
+9.3100E+00,-561.2E-03,+253.9E-03,+1.6723E+00,-1.8059E+00
+9.3200E+00,-561.2E-03,+253.9E-03,+1.6723E+00,-1.8059E+00
+9.3300E+00,-561.2E-03,+253.9E-03,+1.6723E+00,-1.8059E+00
+9.3400E+00,-561.2E-03,+253.9E-03,+1.6723E+00,-1.8059E+00
+9.3500E+00,-561.2E-03,+253.9E-03,+1.6723E+00,-1.8059E+00
+9.3600E+00,-561.2E-03,+253.9E-03,+1.6723E+00,-1.8059E+00
+9.3700E+00,-561.2E-03,+253.9E-03,+1.6723E+00,-1.8059E+00
+9.3800E+00,-561.2E-03,+253.9E-03,+1.6723E+00,-1.8059E+00
+9.3900E+00,-561.2E-03,+253.9E-03,+1.6723E+00,-1.8059E+00
+9.4000E+00,-561.2E-03,+253.9E-03,+1.6723E+00,-1.8059E+00
+9.4100E+00,-561.2E-03,+253.9E-03,+1.6723E+00,-1.8059E+00
+9.4200E+00,-561.2E-03,+253.9E-03,+1.6723E+00,-1.8059E+00
+9.4300E+00,-561.2E-03,+253.9E-03,+1.6723E+00,-1.8059E+00
